Service, Operation, UsageType, Resource, StartTime, EndTime, UsageValue
AmazonCloudFront,GET,US-DataTransfer-Out-Bytes,arn:aws:cloudfront::826047549130:distribution/E37UKA0NXSI6UL,9/1/17 0:00,10/1/17 0:00,974009437
AmazonCloudFront,GET,US-Out-Bytes-HTTP-Static,arn:aws:cloudfront::826047549130:distribution/E2T40NAK0USO52,9/1/17 0:00,10/1/17 0:00,16092071845
AmazonCloudFront,GET,US-Requests-HTTP-Static,arn:aws:cloudfront::826047549130:distribution/E7DQB1FN3TLLO,9/1/17 0:00,10/1/17 0:00,16
AmazonCloudFront,GET,US-DataTransfer-Out-Bytes,arn:aws:cloudfront::826047549130:distribution/EPY0LH55N8GEW,9/1/17 0:00,10/1/17 0:00,10440494564
AmazonCloudFront,GET,US-Requests-Tier1,arn:aws:cloudfront::826047549130:distribution/E5KH36MBXUNG8,9/1/17 0:00,10/1/17 0:00,1362
AmazonCloudFront,GET,US-Requests-HTTP-Static,arn:aws:cloudfront::826047549130:distribution/E26YO0NX4QTGUN,9/1/17 0:00,10/1/17 0:00,525964
AmazonCloudFront,GET,CA-DataTransfer-Out-Bytes,arn:aws:cloudfront::826047549130:distribution/EZ0DMKQRCGWBX,9/1/17 0:00,10/1/17 0:00,230952551
AmazonCloudFront,GET,US-Out-Bytes-HTTP-Static,arn:aws:cloudfront::826047549130:distribution/E375MH6ZAY37VJ,9/1/17 0:00,10/1/17 0:00,13354035902
AmazonCloudFront,GET,US-Requests-HTTP-Static,arn:aws:cloudfront::826047549130:distribution/E38UUP5T1LQ073,9/1/17 0:00,10/1/17 0:00,7980
AmazonCloudFront,GET,US-DataTransfer-Out-Bytes,arn:aws:cloudfront::826047549130:distribution/ETZYSUTH0ZF3O,9/1/17 0:00,10/1/17 0:00,24262776352
AmazonCloudFront,GET,US-Requests-Tier1,arn:aws:cloudfront::826047549130:distribution/E375MH6ZAY37VJ,9/1/17 0:00,10/1/17 0:00,1191
AmazonCloudFront,GET,US-Requests-HTTP-Static,arn:aws:cloudfront::826047549130:distribution/E37UKA0NXSI6UL,9/1/17 0:00,10/1/17 0:00,76
AmazonCloudFront,GET,US-Out-Bytes-HTTP-Static,arn:aws:cloudfront::826047549130:distribution/EEQTC9TPA4L25,9/1/17 0:00,10/1/17 0:00,3611387633
AmazonCloudFront,GET,US-Requests-Tier1,arn:aws:cloudfront::826047549130:distribution/EPY0LH55N8GEW,9/1/17 0:00,10/1/17 0:00,715
AmazonCloudFront,GET,US-DataTransfer-Out-Bytes,arn:aws:cloudfront::826047549130:distribution/E7DQB1FN3TLLO,9/1/17 0:00,10/1/17 0:00,7517
AmazonCloudFront,GET,US-Out-Bytes-HTTP-Static,arn:aws:cloudfront::826047549130:distribution/E7DQB1FN3TLLO,9/1/17 0:00,10/1/17 0:00,7517
AmazonCloudFront,GET,US-Requests-HTTP-Static,arn:aws:cloudfront::826047549130:distribution/EPY0LH55N8GEW,9/1/17 0:00,10/1/17 0:00,715
AmazonCloudFront,GET,CA-Out-Bytes-HTTP-Static,arn:aws:cloudfront::826047549130:distribution/EZ0DMKQRCGWBX,9/1/17 0:00,10/1/17 0:00,230952551
AmazonCloudFront,GET,US-Requests-Tier1,arn:aws:cloudfront::826047549130:distribution/E2T40NAK0USO52,9/1/17 0:00,10/1/17 0:00,2964
AmazonCloudFront,GET,US-DataTransfer-Out-Bytes,arn:aws:cloudfront::826047549130:distribution/E375MH6ZAY37VJ,9/1/17 0:00,10/1/17 0:00,13354035902
AmazonCloudFront,GET,US-Out-Bytes-HTTP-Static,arn:aws:cloudfront::826047549130:distribution/E5KH36MBXUNG8,9/1/17 0:00,10/1/17 0:00,15649592600
AmazonCloudFront,GET,US-Requests-HTTP-Static,arn:aws:cloudfront::826047549130:distribution/ETZYSUTH0ZF3O,9/1/17 0:00,10/1/17 0:00,4850
AmazonCloudFront,GET,US-DataTransfer-Out-Bytes,arn:aws:cloudfront::826047549130:distribution/E5KH36MBXUNG8,9/1/17 0:00,10/1/17 0:00,15649592600
AmazonCloudFront,GET,US-Requests-Tier1,arn:aws:cloudfront::826047549130:distribution/E37UKA0NXSI6UL,9/1/17 0:00,10/1/17 0:00,76
AmazonCloudFront,GET,CA-Requests-HTTP-Static,arn:aws:cloudfront::826047549130:distribution/EZ0DMKQRCGWBX,9/1/17 0:00,10/1/17 0:00,113
AmazonCloudFront,GET,US-DataTransfer-Out-Bytes,arn:aws:cloudfront::826047549130:distribution/E2T40NAK0USO52,9/1/17 0:00,10/1/17 0:00,16092071845
AmazonCloudFront,GET,US-Out-Bytes-HTTP-Static,arn:aws:cloudfront::826047549130:distribution/EPY0LH55N8GEW,9/1/17 0:00,10/1/17 0:00,10440494564
AmazonCloudFront,GET,US-Requests-HTTP-Static,arn:aws:cloudfront::826047549130:distribution/E5KH36MBXUNG8,9/1/17 0:00,10/1/17 0:00,1362
AmazonCloudFront,GET,US-DataTransfer-Out-Bytes,arn:aws:cloudfront::826047549130:distribution/E38UUP5T1LQ073,9/1/17 0:00,10/1/17 0:00,83657070527
AmazonCloudFront,GET,US-Requests-Tier1,arn:aws:cloudfront::826047549130:distribution/EEQTC9TPA4L25,9/1/17 0:00,10/1/17 0:00,58
AmazonCloudFront,GET,US-Requests-HTTP-Static,arn:aws:cloudfront::826047549130:distribution/E2T40NAK0USO52,9/1/17 0:00,10/1/17 0:00,2964
AmazonCloudFront,GET,US-Out-Bytes-HTTP-Static,arn:aws:cloudfront::826047549130:distribution/E38UUP5T1LQ073,9/1/17 0:00,10/1/17 0:00,83657070527
AmazonCloudFront,GET,US-Requests-Tier1,arn:aws:cloudfront::826047549130:distribution/E7DQB1FN3TLLO,9/1/17 0:00,10/1/17 0:00,16
AmazonCloudFront,GET,US-DataTransfer-Out-Bytes,arn:aws:cloudfront::826047549130:distribution/EEQTC9TPA4L25,9/1/17 0:00,10/1/17 0:00,3611387633
AmazonCloudFront,GET,US-Requests-Tier1,arn:aws:cloudfront::826047549130:distribution/E26YO0NX4QTGUN,9/1/17 0:00,10/1/17 0:00,525964
AmazonCloudFront,GET,US-Requests-HTTP-Static,arn:aws:cloudfront::826047549130:distribution/E375MH6ZAY37VJ,9/1/17 0:00,10/1/17 0:00,1191
AmazonCloudFront,GET,US-Out-Bytes-HTTP-Static,arn:aws:cloudfront::826047549130:distribution/E37UKA0NXSI6UL,9/1/17 0:00,10/1/17 0:00,974009437
AmazonCloudFront,GET,US-Requests-Tier1,arn:aws:cloudfront::826047549130:distribution/E38UUP5T1LQ073,9/1/17 0:00,10/1/17 0:00,7980
AmazonCloudFront,GET,US-DataTransfer-Out-Bytes,arn:aws:cloudfront::826047549130:distribution/E26YO0NX4QTGUN,9/1/17 0:00,10/1/17 0:00,1526662826489
AmazonCloudFront,GET,US-Out-Bytes-HTTP-Static,arn:aws:cloudfront::826047549130:distribution/ETZYSUTH0ZF3O,9/1/17 0:00,10/1/17 0:00,24262776352
AmazonCloudFront,GET,US-Requests-HTTP-Static,arn:aws:cloudfront::826047549130:distribution/EEQTC9TPA4L25,9/1/17 0:00,10/1/17 0:00,58
AmazonCloudFront,GET,US-Out-Bytes-HTTP-Static,arn:aws:cloudfront::826047549130:distribution/E26YO0NX4QTGUN,9/1/17 0:00,10/1/17 0:00,1526662826489
AmazonCloudFront,GET,US-Requests-Tier1,arn:aws:cloudfront::826047549130:distribution/ETZYSUTH0ZF3O,9/1/17 0:00,10/1/17 0:00,4850
AmazonCloudFront,GET,CA-Requests-Tier1,arn:aws:cloudfront::826047549130:distribution/EZ0DMKQRCGWBX,9/1/17 0:00,10/1/17 0:00,113
AmazonCloudFront,GET,IN-Requests-Tier1,arn:aws:cloudfront::826047549130:distribution/E26YO0NX4QTGUN,9/1/17 0:00,10/1/17 0:00,2276
AmazonCloudFront,GET,IN-DataTransfer-Out-Bytes,arn:aws:cloudfront::826047549130:distribution/E26YO0NX4QTGUN,9/1/17 0:00,10/1/17 0:00,25059744434
AmazonCloudFront,GET,US-Requests-Tier1,arn:aws:cloudfront::826047549130:distribution/ETS1LTYF9XVQD,9/1/17 0:00,10/1/17 0:00,1379
AmazonCloudFront,GET,EU-Requests-HTTP-Static,arn:aws:cloudfront::826047549130:distribution/E26YO0NX4QTGUN,9/1/17 0:00,10/1/17 0:00,1371454
AmazonCloudFront,GET,US-Out-Bytes-HTTP-Static,arn:aws:cloudfront::826047549130:distribution/EL88A8ILQCW7C,9/1/17 0:00,10/1/17 0:00,11408929914
AmazonCloudFront,GET,US-Requests-HTTP-Static,arn:aws:cloudfront::826047549130:distribution/EL88A8ILQCW7C,9/1/17 0:00,10/1/17 0:00,3580
AmazonCloudFront,GET,US-DataTransfer-Out-Bytes,arn:aws:cloudfront::826047549130:distribution/EL88A8ILQCW7C,9/1/17 0:00,10/1/17 0:00,11408929914
AmazonCloudFront,GET,US-Out-Bytes-HTTP-Static,arn:aws:cloudfront::826047549130:distribution/ETS1LTYF9XVQD,9/1/17 0:00,10/1/17 0:00,13378362538
AmazonCloudFront,GET,IN-Requests-HTTP-Static,arn:aws:cloudfront::826047549130:distribution/E26YO0NX4QTGUN,9/1/17 0:00,10/1/17 0:00,2276
AmazonCloudFront,GET,US-DataTransfer-Out-Bytes,arn:aws:cloudfront::826047549130:distribution/ETS1LTYF9XVQD,9/1/17 0:00,10/1/17 0:00,13378362538
AmazonCloudFront,GET,EU-Requests-Tier1,arn:aws:cloudfront::826047549130:distribution/E26YO0NX4QTGUN,9/1/17 0:00,10/1/17 0:00,1371454
AmazonCloudFront,GET,US-Requests-Tier1,arn:aws:cloudfront::826047549130:distribution/EL88A8ILQCW7C,9/1/17 0:00,10/1/17 0:00,3580
AmazonCloudFront,GET,EU-Out-Bytes-HTTP-Static,arn:aws:cloudfront::826047549130:distribution/E26YO0NX4QTGUN,9/1/17 0:00,10/1/17 0:00,268809329750
AmazonCloudFront,GET,US-Requests-Tier1,arn:aws:cloudfront::826047549130:distribution/E2T5L76OUAZFLZ,9/1/17 0:00,10/1/17 0:00,92
AmazonCloudFront,GET,US-Requests-HTTP-Static,arn:aws:cloudfront::826047549130:distribution/ETS1LTYF9XVQD,9/1/17 0:00,10/1/17 0:00,1379
AmazonCloudFront,GET,EU-DataTransfer-Out-Bytes,arn:aws:cloudfront::826047549130:distribution/E26YO0NX4QTGUN,9/1/17 0:00,10/1/17 0:00,268809329750
AmazonCloudFront,GET,US-Out-Bytes-HTTP-Static,arn:aws:cloudfront::826047549130:distribution/E2T5L76OUAZFLZ,9/1/17 0:00,10/1/17 0:00,1979217289
AmazonCloudFront,GET,US-Requests-HTTP-Static,arn:aws:cloudfront::826047549130:distribution/E2T5L76OUAZFLZ,9/1/17 0:00,10/1/17 0:00,92
AmazonCloudFront,GET,US-DataTransfer-Out-Bytes,arn:aws:cloudfront::826047549130:distribution/E2T5L76OUAZFLZ,9/1/17 0:00,10/1/17 0:00,1979217289
AmazonCloudFront,GET,IN-Out-Bytes-HTTP-Static,arn:aws:cloudfront::826047549130:distribution/E26YO0NX4QTGUN,9/1/17 0:00,10/1/17 0:00,25059744434
AmazonCloudFront,GET,US-Out-Bytes-HTTP-Static,arn:aws:cloudfront::826047549130:distribution/EZ0DMKQRCGWBX,9/1/17 0:00,10/1/17 0:00,27839051918
AmazonCloudFront,GET,US-DataTransfer-Out-Bytes,arn:aws:cloudfront::826047549130:distribution/EZ0DMKQRCGWBX,9/1/17 0:00,10/1/17 0:00,27839051918
AmazonCloudFront,GET,US-Out-Bytes-HTTP-Static,arn:aws:cloudfront::826047549130:distribution/E3B28GG4IGTKSS,9/1/17 0:00,10/1/17 0:00,962673036
AmazonCloudFront,GET,CA-Requests-HTTP-Static,arn:aws:cloudfront::826047549130:distribution/E26YO0NX4QTGUN,9/1/17 0:00,10/1/17 0:00,1518
AmazonCloudFront,GET,US-Requests-HTTP-Static,arn:aws:cloudfront::826047549130:distribution/EZ0DMKQRCGWBX,9/1/17 0:00,10/1/17 0:00,2479
AmazonCloudFront,GET,US-Requests-Tier1,arn:aws:cloudfront::826047549130:distribution/E3B28GG4IGTKSS,9/1/17 0:00,10/1/17 0:00,62
AmazonCloudFront,GET,US-Requests-HTTP-Static,arn:aws:cloudfront::826047549130:distribution/E3B28GG4IGTKSS,9/1/17 0:00,10/1/17 0:00,62
AmazonCloudFront,GET,CA-Out-Bytes-HTTP-Static,arn:aws:cloudfront::826047549130:distribution/E26YO0NX4QTGUN,9/1/17 0:00,10/1/17 0:00,10311980506
AmazonCloudFront,GET,US-DataTransfer-Out-Bytes,arn:aws:cloudfront::826047549130:distribution/ERZ64CYPGTCBE,9/1/17 0:00,10/1/17 0:00,3053367154
AmazonCloudFront,GET,US-Out-Bytes-HTTP-Static,arn:aws:cloudfront::826047549130:distribution/ERZ64CYPGTCBE,9/1/17 0:00,10/1/17 0:00,3053367154
AmazonCloudFront,GET,US-DataTransfer-Out-Bytes,arn:aws:cloudfront::826047549130:distribution/E3B28GG4IGTKSS,9/1/17 0:00,10/1/17 0:00,962673036
AmazonCloudFront,GET,CA-Requests-Tier1,arn:aws:cloudfront::826047549130:distribution/E26YO0NX4QTGUN,9/1/17 0:00,10/1/17 0:00,1518
AmazonCloudFront,GET,US-Requests-Tier1,arn:aws:cloudfront::826047549130:distribution/EZ0DMKQRCGWBX,9/1/17 0:00,10/1/17 0:00,2479
AmazonCloudFront,GET,US-Requests-HTTP-Static,arn:aws:cloudfront::826047549130:distribution/ERZ64CYPGTCBE,9/1/17 0:00,10/1/17 0:00,152
AmazonCloudFront,GET,US-Requests-Tier1,arn:aws:cloudfront::826047549130:distribution/ERZ64CYPGTCBE,9/1/17 0:00,10/1/17 0:00,152
AmazonCloudFront,GET,CA-DataTransfer-Out-Bytes,arn:aws:cloudfront::826047549130:distribution/E26YO0NX4QTGUN,9/1/17 0:00,10/1/17 0:00,10311980506
AmazonCloudFront,GET,US-Requests-Tier1,arn:aws:cloudfront::826047549130:distribution/E2NOOZDM9221T0,9/1/17 0:00,10/1/17 0:00,19
AmazonCloudFront,GET,AP-Out-Bytes-HTTP-Static,arn:aws:cloudfront::826047549130:distribution/E26YO0NX4QTGUN,9/1/17 0:00,10/1/17 0:00,19527500858
AmazonCloudFront,GET,AP-DataTransfer-Out-Bytes,arn:aws:cloudfront::826047549130:distribution/E26YO0NX4QTGUN,9/1/17 0:00,10/1/17 0:00,19527500858
AmazonCloudFront,GET,AP-Requests-HTTP-Static,arn:aws:cloudfront::826047549130:distribution/E26YO0NX4QTGUN,9/1/17 0:00,10/1/17 0:00,4203
AmazonCloudFront,GET,US-Out-Bytes-HTTP-Static,arn:aws:cloudfront::826047549130:distribution/E2NOOZDM9221T0,9/1/17 0:00,10/1/17 0:00,98479089
AmazonCloudFront,GET,SA-Out-Bytes-HTTP-Static,arn:aws:cloudfront::826047549130:distribution/ETS1LTYF9XVQD,9/1/17 0:00,10/1/17 0:00,6004095
AmazonCloudFront,GET,US-DataTransfer-Out-Bytes,arn:aws:cloudfront::826047549130:distribution/E1CJTSOUL26LXW,9/1/17 0:00,10/1/17 0:00,66627235419
AmazonCloudFront,GET,US-Requests-HTTP-Static,arn:aws:cloudfront::826047549130:distribution/E1JTSHNXG20810,9/1/17 0:00,10/1/17 0:00,403
AmazonCloudFront,GET,AP-Requests-Tier1,arn:aws:cloudfront::826047549130:distribution/E26YO0NX4QTGUN,9/1/17 0:00,10/1/17 0:00,4203
AmazonCloudFront,GET,US-Out-Bytes-HTTP-Static,arn:aws:cloudfront::826047549130:distribution/E2LMJ3H1TGGR1N,9/1/17 0:00,10/1/17 0:00,5637254305
AmazonCloudFront,GET,US-DataTransfer-Out-Bytes,arn:aws:cloudfront::826047549130:distribution/E2NOOZDM9221T0,9/1/17 0:00,10/1/17 0:00,98479089
AmazonCloudFront,GET,US-Requests-HTTP-Static,arn:aws:cloudfront::826047549130:distribution/E2LMJ3H1TGGR1N,9/1/17 0:00,10/1/17 0:00,505
AmazonCloudFront,GET,US-Requests-Tier1,arn:aws:cloudfront::826047549130:distribution/E3OJHNZZRNS5BM,9/1/17 0:00,10/1/17 0:00,97
AmazonCloudFront,GET,US-Out-Bytes-HTTP-Static,arn:aws:cloudfront::826047549130:distribution/E1CJTSOUL26LXW,9/1/17 0:00,10/1/17 0:00,66627235419
AmazonCloudFront,GET,US-DataTransfer-Out-Bytes,arn:aws:cloudfront::826047549130:distribution/E3OJHNZZRNS5BM,9/1/17 0:00,10/1/17 0:00,1913610548
AmazonCloudFront,GET,US-Requests-HTTP-Static,arn:aws:cloudfront::826047549130:distribution/E1CJTSOUL26LXW,9/1/17 0:00,10/1/17 0:00,6600
AmazonCloudFront,GET,US-Requests-Tier1,arn:aws:cloudfront::826047549130:distribution/E1JTSHNXG20810,9/1/17 0:00,10/1/17 0:00,403
AmazonCloudFront,GET,AP-Out-Bytes-HTTP-Static,arn:aws:cloudfront::826047549130:distribution/E2T40NAK0USO52,9/1/17 0:00,10/1/17 0:00,2205928812
AmazonCloudFront,GET,SA-Requests-HTTP-Static,arn:aws:cloudfront::826047549130:distribution/ETS1LTYF9XVQD,9/1/17 0:00,10/1/17 0:00,1
AmazonCloudFront,GET,AP-Requests-HTTP-Static,arn:aws:cloudfront::826047549130:distribution/E2T40NAK0USO52,9/1/17 0:00,10/1/17 0:00,236
AmazonCloudFront,GET,SA-DataTransfer-Out-Bytes,arn:aws:cloudfront::826047549130:distribution/ETS1LTYF9XVQD,9/1/17 0:00,10/1/17 0:00,6004095
AmazonCloudFront,GET,US-Requests-Tier1,arn:aws:cloudfront::826047549130:distribution/E2LMJ3H1TGGR1N,9/1/17 0:00,10/1/17 0:00,505
AmazonCloudFront,GET,US-DataTransfer-Out-Bytes,arn:aws:cloudfront::826047549130:distribution/E2LMJ3H1TGGR1N,9/1/17 0:00,10/1/17 0:00,5637254305
AmazonCloudFront,GET,AP-DataTransfer-Out-Bytes,arn:aws:cloudfront::826047549130:distribution/E2T40NAK0USO52,9/1/17 0:00,10/1/17 0:00,2205928812
AmazonCloudFront,GET,AP-Requests-Tier1,arn:aws:cloudfront::826047549130:distribution/E2T40NAK0USO52,9/1/17 0:00,10/1/17 0:00,236
AmazonCloudFront,GET,US-Out-Bytes-HTTP-Static,arn:aws:cloudfront::826047549130:distribution/E3OJHNZZRNS5BM,9/1/17 0:00,10/1/17 0:00,1913610548
AmazonCloudFront,GET,US-DataTransfer-Out-Bytes,arn:aws:cloudfront::826047549130:distribution/E2NYQG5CAC1L5P,9/1/17 0:00,10/1/17 0:00,18398167352
AmazonCloudFront,GET,US-Requests-HTTP-Static,arn:aws:cloudfront::826047549130:distribution/E3OJHNZZRNS5BM,9/1/17 0:00,10/1/17 0:00,97
AmazonCloudFront,GET,US-Requests-Tier1,arn:aws:cloudfront::826047549130:distribution/E2NYQG5CAC1L5P,9/1/17 0:00,10/1/17 0:00,1802
AmazonCloudFront,GET,US-Out-Bytes-HTTP-Static,arn:aws:cloudfront::826047549130:distribution/E2NYQG5CAC1L5P,9/1/17 0:00,10/1/17 0:00,18398167352
AmazonCloudFront,GET,US-DataTransfer-Out-Bytes,arn:aws:cloudfront::826047549130:distribution/E1JTSHNXG20810,9/1/17 0:00,10/1/17 0:00,6474455044
AmazonCloudFront,GET,US-Requests-HTTP-Static,arn:aws:cloudfront::826047549130:distribution/E2NYQG5CAC1L5P,9/1/17 0:00,10/1/17 0:00,1802
AmazonCloudFront,GET,US-Requests-Tier1,arn:aws:cloudfront::826047549130:distribution/E1CJTSOUL26LXW,9/1/17 0:00,10/1/17 0:00,6600
AmazonCloudFront,GET,US-Out-Bytes-HTTP-Static,arn:aws:cloudfront::826047549130:distribution/E1JTSHNXG20810,9/1/17 0:00,10/1/17 0:00,6474455044
AmazonCloudFront,GET,SA-Requests-Tier1,arn:aws:cloudfront::826047549130:distribution/ETS1LTYF9XVQD,9/1/17 0:00,10/1/17 0:00,1
AmazonCloudFront,GET,US-Requests-HTTP-Static,arn:aws:cloudfront::826047549130:distribution/E2NOOZDM9221T0,9/1/17 0:00,10/1/17 0:00,19
AmazonCloudFront,GET,US-Out-Bytes-HTTP-Static,arn:aws:cloudfront::826047549130:distribution/E3P3WNB6OO6S17,9/1/17 0:00,10/1/17 0:00,2847812726
AmazonCloudFront,GET,US-Requests-HTTP-Static,arn:aws:cloudfront::826047549130:distribution/E3P3WNB6OO6S17,9/1/17 0:00,10/1/17 0:00,168
AmazonCloudFront,GET,US-Requests-Tier1,arn:aws:cloudfront::826047549130:distribution/E1PW4MXM69WCHZ,9/1/17 0:00,10/1/17 0:00,74
AmazonCloudFront,GET,US-DataTransfer-Out-Bytes,arn:aws:cloudfront::826047549130:distribution/E3P3WNB6OO6S17,9/1/17 0:00,10/1/17 0:00,2847812726
AmazonCloudFront,GET,US-Out-Bytes-HTTP-Static,arn:aws:cloudfront::826047549130:distribution/E1PW4MXM69WCHZ,9/1/17 0:00,10/1/17 0:00,1059081061
AmazonCloudFront,GET,US-Requests-HTTP-Static,arn:aws:cloudfront::826047549130:distribution/E1PW4MXM69WCHZ,9/1/17 0:00,10/1/17 0:00,74
AmazonCloudFront,GET,US-Requests-Tier1,arn:aws:cloudfront::826047549130:distribution/E3P3WNB6OO6S17,9/1/17 0:00,10/1/17 0:00,168
AmazonCloudFront,GET,US-DataTransfer-Out-Bytes,arn:aws:cloudfront::826047549130:distribution/E1PW4MXM69WCHZ,9/1/17 0:00,10/1/17 0:00,1059081061
AmazonCloudFront,GET,US-Requests-Tier1,arn:aws:cloudfront::826047549130:distribution/E28VVLMIBQ73XL,9/1/17 0:00,10/1/17 0:00,277
AmazonCloudFront,GET,US-Requests-HTTP-Static,arn:aws:cloudfront::826047549130:distribution/E28VVLMIBQ73XL,9/1/17 0:00,10/1/17 0:00,277
AmazonCloudFront,GET,EU-Out-Bytes-HTTP-Static,arn:aws:cloudfront::826047549130:distribution/E28VVLMIBQ73XL,9/1/17 0:00,10/1/17 0:00,681150142
AmazonCloudFront,GET,US-Out-Bytes-HTTP-Static,arn:aws:cloudfront::826047549130:distribution/E2WG4IJUKI1X8P,9/1/17 0:00,10/1/17 0:00,373121060
AmazonCloudFront,GET,EU-DataTransfer-Out-Bytes,arn:aws:cloudfront::826047549130:distribution/E2BRA5ADBF6SWG,9/1/17 0:00,10/1/17 0:00,196862342
AmazonCloudFront,GET,EU-Requests-Tier1,arn:aws:cloudfront::826047549130:distribution/E28VVLMIBQ73XL,9/1/17 0:00,10/1/17 0:00,39
AmazonCloudFront,GET,EU-Requests-HTTP-Static,arn:aws:cloudfront::826047549130:distribution/E2BRA5ADBF6SWG,9/1/17 0:00,10/1/17 0:00,15
AmazonCloudFront,GET,US-Requests-Tier1,arn:aws:cloudfront::826047549130:distribution/E2WG4IJUKI1X8P,9/1/17 0:00,10/1/17 0:00,75
AmazonCloudFront,GET,US-DataTransfer-Out-Bytes,arn:aws:cloudfront::826047549130:distribution/E28VVLMIBQ73XL,9/1/17 0:00,10/1/17 0:00,5572750053
AmazonCloudFront,GET,EU-Out-Bytes-HTTP-Static,arn:aws:cloudfront::826047549130:distribution/E2BRA5ADBF6SWG,9/1/17 0:00,10/1/17 0:00,196862342
AmazonCloudFront,GET,US-Requests-HTTP-Static,arn:aws:cloudfront::826047549130:distribution/E2WG4IJUKI1X8P,9/1/17 0:00,10/1/17 0:00,75
AmazonCloudFront,GET,EU-DataTransfer-Out-Bytes,arn:aws:cloudfront::826047549130:distribution/E28VVLMIBQ73XL,9/1/17 0:00,10/1/17 0:00,681150142
AmazonCloudFront,GET,US-Out-Bytes-HTTP-Static,arn:aws:cloudfront::826047549130:distribution/E28VVLMIBQ73XL,9/1/17 0:00,10/1/17 0:00,5572750053
AmazonCloudFront,GET,EU-Requests-HTTP-Static,arn:aws:cloudfront::826047549130:distribution/E28VVLMIBQ73XL,9/1/17 0:00,10/1/17 0:00,39
AmazonCloudFront,GET,EU-Requests-Tier1,arn:aws:cloudfront::826047549130:distribution/E2BRA5ADBF6SWG,9/1/17 0:00,10/1/17 0:00,15
AmazonCloudFront,GET,US-DataTransfer-Out-Bytes,arn:aws:cloudfront::826047549130:distribution/E2WG4IJUKI1X8P,9/1/17 0:00,10/1/17 0:00,373121060
AmazonCloudFront,GET,EU-Requests-HTTP-Static,arn:aws:cloudfront::826047549130:distribution/E2NYQG5CAC1L5P,9/1/17 0:00,10/1/17 0:00,77
AmazonCloudFront,GET,US-Requests-HTTP-Static,arn:aws:cloudfront::826047549130:distribution/E2BRA5ADBF6SWG,9/1/17 0:00,10/1/17 0:00,721
AmazonCloudFront,GET,EU-DataTransfer-Out-Bytes,arn:aws:cloudfront::826047549130:distribution/E2NYQG5CAC1L5P,9/1/17 0:00,10/1/17 0:00,455913215
AmazonCloudFront,E_DISCONNECT,EU-FMS-Out-Bytes,arn:aws:cloudfront::826047549130:streaming-distribution/E2AG8JUOCZB10P,9/1/17 0:00,10/1/17 0:00,840318
AmazonCloudFront,GET,US-Out-Bytes-HTTP-Static,arn:aws:cloudfront::826047549130:distribution/E2BRA5ADBF6SWG,9/1/17 0:00,10/1/17 0:00,8280873157
AmazonCloudFront,GET,EU-Out-Bytes-HTTP-Static,arn:aws:cloudfront::826047549130:distribution/E2NYQG5CAC1L5P,9/1/17 0:00,10/1/17 0:00,455913215
AmazonCloudFront,GET,US-Requests-Tier1,arn:aws:cloudfront::826047549130:distribution/E2BRA5ADBF6SWG,9/1/17 0:00,10/1/17 0:00,721
AmazonCloudFront,GET,US-DataTransfer-Out-Bytes,arn:aws:cloudfront::826047549130:distribution/E2BRA5ADBF6SWG,9/1/17 0:00,10/1/17 0:00,8280873157
AmazonCloudFront,E_DISCONNECT,EU-DataTransfer-Out-Bytes,arn:aws:cloudfront::826047549130:streaming-distribution/E2AG8JUOCZB10P,9/1/17 0:00,10/1/17 0:00,840318
AmazonCloudFront,GET,EU-Requests-Tier1,arn:aws:cloudfront::826047549130:distribution/E2NYQG5CAC1L5P,9/1/17 0:00,10/1/17 0:00,77
AmazonCloudFront,GET,EU-Requests-HTTP-Static,arn:aws:cloudfront::826047549130:distribution/E37AU2VJ4CIADN,9/1/17 0:00,10/1/17 0:00,142
AmazonCloudFront,GET,EU-DataTransfer-Out-Bytes,arn:aws:cloudfront::826047549130:distribution/E37AU2VJ4CIADN,9/1/17 0:00,10/1/17 0:00,5187528153
AmazonCloudFront,GET,EU-Requests-Tier1,arn:aws:cloudfront::826047549130:distribution/E37AU2VJ4CIADN,9/1/17 0:00,10/1/17 0:00,142
AmazonCloudFront,GET,US-Out-Bytes-HTTP-Static,arn:aws:cloudfront::826047549130:distribution/E2J5EVL7YY7XRN,9/1/17 0:00,10/1/17 0:00,944
AmazonCloudFront,GET,US-DataTransfer-Out-Bytes,arn:aws:cloudfront::826047549130:distribution/E2J5EVL7YY7XRN,9/1/17 0:00,10/1/17 0:00,944
AmazonCloudFront,GET,US-Requests-HTTP-Static,arn:aws:cloudfront::826047549130:distribution/E2J5EVL7YY7XRN,9/1/17 0:00,10/1/17 0:00,2
AmazonCloudFront,GET,US-Requests-Tier1,arn:aws:cloudfront::826047549130:distribution/E2J5EVL7YY7XRN,9/1/17 0:00,10/1/17 0:00,2
AmazonCloudFront,GET,EU-Out-Bytes-HTTP-Static,arn:aws:cloudfront::826047549130:distribution/E37AU2VJ4CIADN,9/1/17 0:00,10/1/17 0:00,5187528153
AmazonCloudFront,GET,JP-Requests-HTTP-Static,arn:aws:cloudfront::826047549130:distribution/E26YO0NX4QTGUN,9/1/17 0:00,10/1/17 0:00,59
AmazonCloudFront,E_DISCONNECT,US-FMS-Out-Bytes,arn:aws:cloudfront::826047549130:streaming-distribution/E2U3NA46SLEWTL,9/1/17 0:00,10/1/17 0:00,1696631
AmazonCloudFront,E_DISCONNECT,US-DataTransfer-Out-Bytes,arn:aws:cloudfront::826047549130:streaming-distribution/E2U3NA46SLEWTL,9/1/17 0:00,10/1/17 0:00,1696631
AmazonCloudFront,GET,JP-DataTransfer-Out-Bytes,arn:aws:cloudfront::826047549130:distribution/E26YO0NX4QTGUN,9/1/17 0:00,10/1/17 0:00,887775327
AmazonCloudFront,GET,JP-Requests-Tier1,arn:aws:cloudfront::826047549130:distribution/E26YO0NX4QTGUN,9/1/17 0:00,10/1/17 0:00,59
AmazonCloudFront,GET,JP-Out-Bytes-HTTP-Static,arn:aws:cloudfront::826047549130:distribution/E26YO0NX4QTGUN,9/1/17 0:00,10/1/17 0:00,887775327
AmazonCloudFront,GET,EU-DataTransfer-Out-Bytes,arn:aws:cloudfront::826047549130:distribution/E38UUP5T1LQ073,9/1/17 0:00,10/1/17 0:00,1761083369
AmazonCloudFront,GET,EU-Requests-HTTP-Static,arn:aws:cloudfront::826047549130:distribution/E38UUP5T1LQ073,9/1/17 0:00,10/1/17 0:00,132
AmazonCloudFront,GET,EU-Out-Bytes-HTTP-Static,arn:aws:cloudfront::826047549130:distribution/E38UUP5T1LQ073,9/1/17 0:00,10/1/17 0:00,1761083369
AmazonCloudFront,GET,EU-Requests-Tier1,arn:aws:cloudfront::826047549130:distribution/E38UUP5T1LQ073,9/1/17 0:00,10/1/17 0:00,132
AmazonCloudFront,GET,US-Out-Bytes-HTTP-Static,arn:aws:cloudfront::826047549130:distribution/E3CTSA22KC3IFG,9/1/17 0:00,10/1/17 0:00,6031874057
AmazonCloudFront,GET,CA-DataTransfer-Out-Bytes,arn:aws:cloudfront::826047549130:distribution/E38UUP5T1LQ073,9/1/17 0:00,10/1/17 0:00,1332751004
AmazonCloudFront,GET,JP-DataTransfer-Out-Bytes,arn:aws:cloudfront::826047549130:distribution/E38UUP5T1LQ073,9/1/17 0:00,10/1/17 0:00,1406131791
AmazonCloudFront,GET,US-Requests-HTTP-Static,arn:aws:cloudfront::826047549130:distribution/E3CTSA22KC3IFG,9/1/17 0:00,10/1/17 0:00,533
AmazonCloudFront,GET,US-Requests-Tier1,arn:aws:cloudfront::826047549130:distribution/E3CTSA22KC3IFG,9/1/17 0:00,10/1/17 0:00,533
AmazonCloudFront,GET,JP-Requests-Tier1,arn:aws:cloudfront::826047549130:distribution/E38UUP5T1LQ073,9/1/17 0:00,10/1/17 0:00,85
AmazonCloudFront,GET,JP-Out-Bytes-HTTP-Static,arn:aws:cloudfront::826047549130:distribution/E38UUP5T1LQ073,9/1/17 0:00,10/1/17 0:00,1406131791
AmazonCloudFront,GET,CA-Out-Bytes-HTTP-Static,arn:aws:cloudfront::826047549130:distribution/E38UUP5T1LQ073,9/1/17 0:00,10/1/17 0:00,1332751004
AmazonCloudFront,GET,US-DataTransfer-Out-Bytes,arn:aws:cloudfront::826047549130:distribution/E3CTSA22KC3IFG,9/1/17 0:00,10/1/17 0:00,6031874057
AmazonCloudFront,GET,JP-Requests-HTTP-Static,arn:aws:cloudfront::826047549130:distribution/E38UUP5T1LQ073,9/1/17 0:00,10/1/17 0:00,85
AmazonCloudFront,GET,CA-Requests-HTTP-Static,arn:aws:cloudfront::826047549130:distribution/E38UUP5T1LQ073,9/1/17 0:00,10/1/17 0:00,155
AmazonCloudFront,GET,CA-Requests-Tier1,arn:aws:cloudfront::826047549130:distribution/E38UUP5T1LQ073,9/1/17 0:00,10/1/17 0:00,155
AmazonCloudFront,GET,IN-DataTransfer-Out-Bytes,arn:aws:cloudfront::826047549130:distribution/ETS1LTYF9XVQD,9/1/17 0:00,10/1/17 0:00,327624
AmazonCloudFront,GET,IN-Requests-HTTP-Static,arn:aws:cloudfront::826047549130:distribution/ETS1LTYF9XVQD,9/1/17 0:00,10/1/17 0:00,3
AmazonCloudFront,GET,IN-Requests-Tier1,arn:aws:cloudfront::826047549130:distribution/ETS1LTYF9XVQD,9/1/17 0:00,10/1/17 0:00,3
AmazonCloudFront,GET,IN-Out-Bytes-HTTP-Static,arn:aws:cloudfront::826047549130:distribution/ETS1LTYF9XVQD,9/1/17 0:00,10/1/17 0:00,327624
AmazonCloudFront,E_DISCONNECT,US-DataTransfer-Out-Bytes,arn:aws:cloudfront::826047549130:streaming-distribution/E1875U4535EC9W,9/1/17 0:00,10/1/17 0:00,5853497
AmazonCloudFront,E_DISCONNECT,US-FMS-Out-Bytes,arn:aws:cloudfront::826047549130:streaming-distribution/E1875U4535EC9W,9/1/17 0:00,10/1/17 0:00,5853497
AmazonCloudFront,E_DISCONNECT,US-FMS-Out-Bytes,arn:aws:cloudfront::826047549130:streaming-distribution/E38NQ4LVATINDQ,9/1/17 0:00,10/1/17 0:00,7416955
AmazonCloudFront,E_DISCONNECT,US-DataTransfer-Out-Bytes,arn:aws:cloudfront::826047549130:streaming-distribution/E38NQ4LVATINDQ,9/1/17 0:00,10/1/17 0:00,7416955
AmazonCloudFront,GET,EU-Requests-HTTP-Static,arn:aws:cloudfront::826047549130:distribution/E5KH36MBXUNG8,9/1/17 0:00,10/1/17 0:00,18
AmazonCloudFront,GET,US-DataTransfer-Out-Bytes,arn:aws:cloudfront::826047549130:distribution/E1D0YBWP3MZ8LP,9/1/17 0:00,10/1/17 0:00,3567955539
AmazonCloudFront,GET,EU-Out-Bytes-HTTP-Static,arn:aws:cloudfront::826047549130:distribution/E5KH36MBXUNG8,9/1/17 0:00,10/1/17 0:00,275767284
AmazonCloudFront,GET,EU-DataTransfer-Out-Bytes,arn:aws:cloudfront::826047549130:distribution/E5KH36MBXUNG8,9/1/17 0:00,10/1/17 0:00,275767284
AmazonCloudFront,GET,US-Out-Bytes-HTTP-Static,arn:aws:cloudfront::826047549130:distribution/E1D0YBWP3MZ8LP,9/1/17 0:00,10/1/17 0:00,3567955539
AmazonCloudFront,GET,EU-Requests-Tier1,arn:aws:cloudfront::826047549130:distribution/E5KH36MBXUNG8,9/1/17 0:00,10/1/17 0:00,18
AmazonCloudFront,GET,US-Requests-HTTP-Static,arn:aws:cloudfront::826047549130:distribution/E1D0YBWP3MZ8LP,9/1/17 0:00,10/1/17 0:00,178
AmazonCloudFront,GET,US-Requests-Tier1,arn:aws:cloudfront::826047549130:distribution/E1D0YBWP3MZ8LP,9/1/17 0:00,10/1/17 0:00,178
AmazonCloudFront,GET,EU-Requests-HTTP-Static,arn:aws:cloudfront::826047549130:distribution/E2LMJ3H1TGGR1N,9/1/17 0:00,10/1/17 0:00,9
AmazonCloudFront,GET,EU-Out-Bytes-HTTP-Static,arn:aws:cloudfront::826047549130:distribution/E2LMJ3H1TGGR1N,9/1/17 0:00,10/1/17 0:00,104777602
AmazonCloudFront,GET,EU-Requests-Tier1,arn:aws:cloudfront::826047549130:distribution/E2LMJ3H1TGGR1N,9/1/17 0:00,10/1/17 0:00,9
AmazonCloudFront,GET,EU-DataTransfer-Out-Bytes,arn:aws:cloudfront::826047549130:distribution/EL88A8ILQCW7C,9/1/17 0:00,10/1/17 0:00,2475686480
AmazonCloudFront,GET,EU-Requests-HTTP-Static,arn:aws:cloudfront::826047549130:distribution/EL88A8ILQCW7C,9/1/17 0:00,10/1/17 0:00,441
AmazonCloudFront,GET,EU-Out-Bytes-HTTP-Static,arn:aws:cloudfront::826047549130:distribution/EL88A8ILQCW7C,9/1/17 0:00,10/1/17 0:00,2475686480
AmazonCloudFront,E_DISCONNECT,US-DataTransfer-Out-Bytes,arn:aws:cloudfront::826047549130:streaming-distribution/EV24MRDJNLGDJ,9/1/17 0:00,10/1/17 0:00,51714529
AmazonCloudFront,GET,EU-DataTransfer-Out-Bytes,arn:aws:cloudfront::826047549130:distribution/E2LMJ3H1TGGR1N,9/1/17 0:00,10/1/17 0:00,104777602
AmazonCloudFront,GET,EU-Requests-Tier1,arn:aws:cloudfront::826047549130:distribution/EL88A8ILQCW7C,9/1/17 0:00,10/1/17 0:00,441
AmazonCloudFront,E_DISCONNECT,US-FMS-Out-Bytes,arn:aws:cloudfront::826047549130:streaming-distribution/EV24MRDJNLGDJ,9/1/17 0:00,10/1/17 0:00,51714529
AmazonCloudFront,E_DISCONNECT,CA-DataTransfer-Out-Bytes,arn:aws:cloudfront::826047549130:streaming-distribution/E1SZ1VKVIUKBYH,9/1/17 0:00,10/1/17 0:00,4394341
AmazonCloudFront,E_DISCONNECT,CA-FMS-Out-Bytes,arn:aws:cloudfront::826047549130:streaming-distribution/E1SZ1VKVIUKBYH,9/1/17 0:00,10/1/17 0:00,4394341
AmazonCloudFront,GET,EU-Out-Bytes-HTTP-Static,arn:aws:cloudfront::826047549130:distribution/E2T40NAK0USO52,9/1/17 0:00,10/1/17 0:00,1625782387
AmazonCloudFront,GET,EU-Requests-HTTP-Static,arn:aws:cloudfront::826047549130:distribution/E1CJTSOUL26LXW,9/1/17 0:00,10/1/17 0:00,56
AmazonCloudFront,GET,EU-Requests-Tier1,arn:aws:cloudfront::826047549130:distribution/E2T40NAK0USO52,9/1/17 0:00,10/1/17 0:00,91
AmazonCloudFront,GET,US-Out-Bytes-HTTP-Static,arn:aws:cloudfront::826047549130:distribution/E1FNUOY035RRNV,9/1/17 0:00,10/1/17 0:00,127462599
AmazonCloudFront,GET,EU-Requests-HTTP-Static,arn:aws:cloudfront::826047549130:distribution/E375MH6ZAY37VJ,9/1/17 0:00,10/1/17 0:00,9
AmazonCloudFront,GET,EU-Requests-Tier1,arn:aws:cloudfront::826047549130:distribution/E1CJTSOUL26LXW,9/1/17 0:00,10/1/17 0:00,56
AmazonCloudFront,GET,US-Requests-Tier1,arn:aws:cloudfront::826047549130:distribution/E1FNUOY035RRNV,9/1/17 0:00,10/1/17 0:00,123
AmazonCloudFront,GET,US-Requests-HTTP-Static,arn:aws:cloudfront::826047549130:distribution/E1FNUOY035RRNV,9/1/17 0:00,10/1/17 0:00,123
AmazonCloudFront,GET,EU-DataTransfer-Out-Bytes,arn:aws:cloudfront::826047549130:distribution/E2T40NAK0USO52,9/1/17 0:00,10/1/17 0:00,1625782387
AmazonCloudFront,GET,EU-Out-Bytes-HTTP-Static,arn:aws:cloudfront::826047549130:distribution/E375MH6ZAY37VJ,9/1/17 0:00,10/1/17 0:00,157550538
AmazonCloudFront,GET,US-DataTransfer-Out-Bytes,arn:aws:cloudfront::826047549130:distribution/E1FNUOY035RRNV,9/1/17 0:00,10/1/17 0:00,127462599
AmazonCloudFront,GET,EU-DataTransfer-Out-Bytes,arn:aws:cloudfront::826047549130:distribution/E375MH6ZAY37VJ,9/1/17 0:00,10/1/17 0:00,157550538
AmazonCloudFront,GET,EU-Out-Bytes-HTTP-Static,arn:aws:cloudfront::826047549130:distribution/E1CJTSOUL26LXW,9/1/17 0:00,10/1/17 0:00,580116301
AmazonCloudFront,GET,EU-Requests-HTTP-Static,arn:aws:cloudfront::826047549130:distribution/E3OJHNZZRNS5BM,9/1/17 0:00,10/1/17 0:00,8
AmazonCloudFront,GET,EU-Requests-Tier1,arn:aws:cloudfront::826047549130:distribution/E375MH6ZAY37VJ,9/1/17 0:00,10/1/17 0:00,9
AmazonCloudFront,GET,EU-Requests-HTTP-Static,arn:aws:cloudfront::826047549130:distribution/E2T40NAK0USO52,9/1/17 0:00,10/1/17 0:00,91
AmazonCloudFront,GET,EU-Requests-Tier1,arn:aws:cloudfront::826047549130:distribution/E3OJHNZZRNS5BM,9/1/17 0:00,10/1/17 0:00,8
AmazonCloudFront,GET,EU-DataTransfer-Out-Bytes,arn:aws:cloudfront::826047549130:distribution/E1CJTSOUL26LXW,9/1/17 0:00,10/1/17 0:00,580116301
AmazonCloudFront,GET,EU-Out-Bytes-HTTP-Static,arn:aws:cloudfront::826047549130:distribution/E3OJHNZZRNS5BM,9/1/17 0:00,10/1/17 0:00,191640979
AmazonCloudFront,GET,EU-DataTransfer-Out-Bytes,arn:aws:cloudfront::826047549130:distribution/E3OJHNZZRNS5BM,9/1/17 0:00,10/1/17 0:00,191640979
AmazonCloudFront,GET,SA-Requests-HTTP-Static,arn:aws:cloudfront::826047549130:distribution/E26YO0NX4QTGUN,9/1/17 0:00,10/1/17 0:00,60
AmazonCloudFront,GET,EU-Out-Bytes-HTTP-Static,arn:aws:cloudfront::826047549130:distribution/E3CTSA22KC3IFG,9/1/17 0:00,10/1/17 0:00,696593407
AmazonCloudFront,GET,EU-Requests-Tier1,arn:aws:cloudfront::826047549130:distribution/E3CTSA22KC3IFG,9/1/17 0:00,10/1/17 0:00,174
AmazonCloudFront,GET,EU-Requests-HTTP-Static,arn:aws:cloudfront::826047549130:distribution/E3CTSA22KC3IFG,9/1/17 0:00,10/1/17 0:00,174
AmazonCloudFront,GET,SA-Out-Bytes-HTTP-Static,arn:aws:cloudfront::826047549130:distribution/E26YO0NX4QTGUN,9/1/17 0:00,10/1/17 0:00,549227796
AmazonCloudFront,GET,SA-DataTransfer-Out-Bytes,arn:aws:cloudfront::826047549130:distribution/E26YO0NX4QTGUN,9/1/17 0:00,10/1/17 0:00,549227796
AmazonCloudFront,GET,EU-DataTransfer-Out-Bytes,arn:aws:cloudfront::826047549130:distribution/E3CTSA22KC3IFG,9/1/17 0:00,10/1/17 0:00,696593407
AmazonCloudFront,GET,SA-Requests-Tier1,arn:aws:cloudfront::826047549130:distribution/E26YO0NX4QTGUN,9/1/17 0:00,10/1/17 0:00,60
AmazonCloudFront,GET,EU-Requests-Tier1,arn:aws:cloudfront::826047549130:distribution/E2T5L76OUAZFLZ,9/1/17 0:00,10/1/17 0:00,27
AmazonCloudFront,GET,EU-Requests-HTTP-Static,arn:aws:cloudfront::826047549130:distribution/E3B28GG4IGTKSS,9/1/17 0:00,10/1/17 0:00,3
AmazonCloudFront,GET,EU-Requests-HTTP-Static,arn:aws:cloudfront::826047549130:distribution/E2T5L76OUAZFLZ,9/1/17 0:00,10/1/17 0:00,27
AmazonCloudFront,GET,EU-Out-Bytes-HTTP-Static,arn:aws:cloudfront::826047549130:distribution/E2WG4IJUKI1X8P,9/1/17 0:00,10/1/17 0:00,51394021
AmazonCloudFront,GET,EU-DataTransfer-Out-Bytes,arn:aws:cloudfront::826047549130:distribution/E2T5L76OUAZFLZ,9/1/17 0:00,10/1/17 0:00,451485953
AmazonCloudFront,GET,EU-Out-Bytes-HTTP-Static,arn:aws:cloudfront::826047549130:distribution/E3B28GG4IGTKSS,9/1/17 0:00,10/1/17 0:00,54356437
AmazonCloudFront,GET,EU-Requests-Tier1,arn:aws:cloudfront::826047549130:distribution/E2WG4IJUKI1X8P,9/1/17 0:00,10/1/17 0:00,4
AmazonCloudFront,GET,EU-Requests-HTTP-Static,arn:aws:cloudfront::826047549130:distribution/E2WG4IJUKI1X8P,9/1/17 0:00,10/1/17 0:00,4
AmazonCloudFront,GET,EU-Requests-Tier1,arn:aws:cloudfront::826047549130:distribution/E3B28GG4IGTKSS,9/1/17 0:00,10/1/17 0:00,3
AmazonCloudFront,GET,EU-DataTransfer-Out-Bytes,arn:aws:cloudfront::826047549130:distribution/E3B28GG4IGTKSS,9/1/17 0:00,10/1/17 0:00,54356437
AmazonCloudFront,GET,EU-Out-Bytes-HTTP-Static,arn:aws:cloudfront::826047549130:distribution/E2T5L76OUAZFLZ,9/1/17 0:00,10/1/17 0:00,451485953
AmazonCloudFront,GET,EU-DataTransfer-Out-Bytes,arn:aws:cloudfront::826047549130:distribution/E2WG4IJUKI1X8P,9/1/17 0:00,10/1/17 0:00,51394021
AmazonCloudFront,HEAD,US-Out-Bytes-HTTP-Static,arn:aws:cloudfront::826047549130:distribution/ETZYSUTH0ZF3O,9/1/17 0:00,10/1/17 0:00,8576
AmazonCloudFront,HEAD,US-Requests-HTTP-Static,arn:aws:cloudfront::826047549130:distribution/ETZYSUTH0ZF3O,9/1/17 0:00,10/1/17 0:00,19
AmazonCloudFront,HEAD,US-Requests-Tier1,arn:aws:cloudfront::826047549130:distribution/ETZYSUTH0ZF3O,9/1/17 0:00,10/1/17 0:00,19
AmazonCloudFront,HEAD,US-DataTransfer-Out-Bytes,arn:aws:cloudfront::826047549130:distribution/ETZYSUTH0ZF3O,9/1/17 0:00,10/1/17 0:00,8576
AmazonCloudFront,HEAD,EU-Requests-Tier1,arn:aws:cloudfront::826047549130:distribution/E26YO0NX4QTGUN,9/1/17 0:00,10/1/17 0:00,14
AmazonCloudFront,HEAD,EU-DataTransfer-Out-Bytes,arn:aws:cloudfront::826047549130:distribution/E26YO0NX4QTGUN,9/1/17 0:00,10/1/17 0:00,6719
AmazonCloudFront,HEAD,EU-Requests-HTTP-Static,arn:aws:cloudfront::826047549130:distribution/E26YO0NX4QTGUN,9/1/17 0:00,10/1/17 0:00,14
AmazonCloudFront,HEAD,EU-Out-Bytes-HTTP-Static,arn:aws:cloudfront::826047549130:distribution/E26YO0NX4QTGUN,9/1/17 0:00,10/1/17 0:00,6719
AmazonCloudFront,GET,EU-Requests-Tier1,arn:aws:cloudfront::826047549130:distribution/E1JTSHNXG20810,9/1/17 0:00,10/1/17 0:00,15
AmazonCloudFront,GET,EU-Requests-HTTP-Static,arn:aws:cloudfront::826047549130:distribution/E1JTSHNXG20810,9/1/17 0:00,10/1/17 0:00,15
AmazonCloudFront,GET,EU-Out-Bytes-HTTP-Static,arn:aws:cloudfront::826047549130:distribution/E1JTSHNXG20810,9/1/17 0:00,10/1/17 0:00,201253103
AmazonCloudFront,GET,EU-DataTransfer-Out-Bytes,arn:aws:cloudfront::826047549130:distribution/E1JTSHNXG20810,9/1/17 0:00,10/1/17 0:00,201253103
AmazonCloudFront,GET,EU-Out-Bytes-HTTP-Static,arn:aws:cloudfront::826047549130:distribution/E2NID4POK22XB,9/1/17 0:00,10/1/17 0:00,102450509
AmazonCloudFront,GET,EU-DataTransfer-Out-Bytes,arn:aws:cloudfront::826047549130:distribution/E2NID4POK22XB,9/1/17 0:00,10/1/17 0:00,102450509
AmazonCloudFront,GET,EU-Requests-HTTP-Static,arn:aws:cloudfront::826047549130:distribution/E2NID4POK22XB,9/1/17 0:00,10/1/17 0:00,5
AmazonCloudFront,GET,EU-Requests-Tier1,arn:aws:cloudfront::826047549130:distribution/E2NID4POK22XB,9/1/17 0:00,10/1/17 0:00,5
AmazonCloudFront,GET,AU-Requests-HTTP-Static,arn:aws:cloudfront::826047549130:distribution/E26YO0NX4QTGUN,9/1/17 0:00,10/1/17 0:00,327
AmazonCloudFront,GET,AU-Requests-Tier1,arn:aws:cloudfront::826047549130:distribution/E26YO0NX4QTGUN,9/1/17 0:00,10/1/17 0:00,327
AmazonCloudFront,GET,AU-Out-Bytes-HTTP-Static,arn:aws:cloudfront::826047549130:distribution/E26YO0NX4QTGUN,9/1/17 0:00,10/1/17 0:00,11766057443
AmazonCloudFront,GET,AU-DataTransfer-Out-Bytes,arn:aws:cloudfront::826047549130:distribution/E26YO0NX4QTGUN,9/1/17 0:00,10/1/17 0:00,11766057443
AmazonCloudFront,HEAD,US-Requests-Tier1,arn:aws:cloudfront::826047549130:distribution/E2LMJ3H1TGGR1N,9/1/17 0:00,10/1/17 0:00,4
AmazonCloudFront,GET,CA-Requests-HTTP-Static,arn:aws:cloudfront::826047549130:distribution/EPY0LH55N8GEW,9/1/17 0:00,10/1/17 0:00,8
AmazonCloudFront,HEAD,US-DataTransfer-Out-Bytes,arn:aws:cloudfront::826047549130:distribution/E2LMJ3H1TGGR1N,9/1/17 0:00,10/1/17 0:00,1238
AmazonCloudFront,GET,CA-Requests-Tier1,arn:aws:cloudfront::826047549130:distribution/EPY0LH55N8GEW,9/1/17 0:00,10/1/17 0:00,8
AmazonCloudFront,HEAD,US-Out-Bytes-HTTP-Static,arn:aws:cloudfront::826047549130:distribution/E2LMJ3H1TGGR1N,9/1/17 0:00,10/1/17 0:00,1238
AmazonCloudFront,HEAD,US-Requests-HTTP-Static,arn:aws:cloudfront::826047549130:distribution/E2LMJ3H1TGGR1N,9/1/17 0:00,10/1/17 0:00,4
AmazonCloudFront,GET,CA-DataTransfer-Out-Bytes,arn:aws:cloudfront::826047549130:distribution/EPY0LH55N8GEW,9/1/17 0:00,10/1/17 0:00,30131754
AmazonCloudFront,GET,CA-Out-Bytes-HTTP-Static,arn:aws:cloudfront::826047549130:distribution/EPY0LH55N8GEW,9/1/17 0:00,10/1/17 0:00,30131754
AmazonCloudFront,E_DISCONNECT,US-DataTransfer-Out-Bytes,arn:aws:cloudfront::826047549130:streaming-distribution/E1SZ1VKVIUKBYH,9/1/17 0:00,10/1/17 0:00,66067711
AmazonCloudFront,E_DISCONNECT,US-FMS-Out-Bytes,arn:aws:cloudfront::826047549130:streaming-distribution/E1SZ1VKVIUKBYH,9/1/17 0:00,10/1/17 0:00,66067711
AmazonCloudFront,E_DISCONNECT,US-DataTransfer-Out-Bytes,arn:aws:cloudfront::826047549130:streaming-distribution/E1V5NV0O33JFMU,9/1/17 0:00,10/1/17 0:00,225068241
AmazonCloudFront,E_DISCONNECT,US-FMS-Out-Bytes,arn:aws:cloudfront::826047549130:streaming-distribution/E1V5NV0O33JFMU,9/1/17 0:00,10/1/17 0:00,225068241
AmazonCloudFront,GET,EU-Requests-Tier1,arn:aws:cloudfront::826047549130:distribution/ETS1LTYF9XVQD,9/1/17 0:00,10/1/17 0:00,52
AmazonCloudFront,GET,EU-DataTransfer-Out-Bytes,arn:aws:cloudfront::826047549130:distribution/ETS1LTYF9XVQD,9/1/17 0:00,10/1/17 0:00,1099376641
AmazonCloudFront,GET,EU-Out-Bytes-HTTP-Static,arn:aws:cloudfront::826047549130:distribution/ETS1LTYF9XVQD,9/1/17 0:00,10/1/17 0:00,1099376641
AmazonCloudFront,GET,EU-Requests-HTTP-Static,arn:aws:cloudfront::826047549130:distribution/ETS1LTYF9XVQD,9/1/17 0:00,10/1/17 0:00,52
AmazonCloudFront,POST,AP-Out-OBytes-HTTP-Proxy,arn:aws:cloudfront::826047549130:distribution/E1FNUOY035RRNV,9/1/17 0:00,10/1/17 0:00,895
AmazonCloudFront,POST,AP-Out-Bytes-HTTP-Proxy,arn:aws:cloudfront::826047549130:distribution/E1FNUOY035RRNV,9/1/17 0:00,10/1/17 0:00,2032
AmazonCloudFront,POST,AP-DataTransfer-Out-OBytes,arn:aws:cloudfront::826047549130:distribution/E1FNUOY035RRNV,9/1/17 0:00,10/1/17 0:00,895
AmazonCloudFront,POST,AP-DataTransfer-Out-Bytes,arn:aws:cloudfront::826047549130:distribution/E1FNUOY035RRNV,9/1/17 0:00,10/1/17 0:00,2032
AmazonCloudFront,POST,AP-Requests-HTTP-Proxy,arn:aws:cloudfront::826047549130:distribution/E1FNUOY035RRNV,9/1/17 0:00,10/1/17 0:00,2
AmazonCloudFront,E_DISCONNECT,US-FMS-Out-Bytes,arn:aws:cloudfront::826047549130:streaming-distribution/E3OE3PX85NLSWT,9/1/17 0:00,10/1/17 0:00,1420726
AmazonCloudFront,E_DISCONNECT,US-DataTransfer-Out-Bytes,arn:aws:cloudfront::826047549130:streaming-distribution/E3OE3PX85NLSWT,9/1/17 0:00,10/1/17 0:00,1420726
AmazonCloudFront,GET,US-Requests-HTTP-Static,arn:aws:cloudfront::826047549130:distribution/E2NID4POK22XB,9/1/17 0:00,10/1/17 0:00,29
AmazonCloudFront,GET,US-Out-Bytes-HTTP-Static,arn:aws:cloudfront::826047549130:distribution/E2NID4POK22XB,9/1/17 0:00,10/1/17 0:00,766360442
AmazonCloudFront,GET,US-Requests-Tier1,arn:aws:cloudfront::826047549130:distribution/E2NID4POK22XB,9/1/17 0:00,10/1/17 0:00,29
AmazonCloudFront,GET,US-DataTransfer-Out-Bytes,arn:aws:cloudfront::826047549130:distribution/E2NID4POK22XB,9/1/17 0:00,10/1/17 0:00,766360442
AmazonCloudFront,GET,AU-Requests-Tier1,arn:aws:cloudfront::826047549130:distribution/E3CTSA22KC3IFG,9/1/17 0:00,10/1/17 0:00,1
AmazonCloudFront,GET,AU-DataTransfer-Out-Bytes,arn:aws:cloudfront::826047549130:distribution/E3CTSA22KC3IFG,9/1/17 0:00,10/1/17 0:00,9286193
AmazonCloudFront,GET,AU-Requests-HTTP-Static,arn:aws:cloudfront::826047549130:distribution/E3CTSA22KC3IFG,9/1/17 0:00,10/1/17 0:00,1
AmazonCloudFront,GET,AU-Out-Bytes-HTTP-Static,arn:aws:cloudfront::826047549130:distribution/E3CTSA22KC3IFG,9/1/17 0:00,10/1/17 0:00,9286193
AmazonCloudFront,GET,IN-Out-Bytes-HTTP-Static,arn:aws:cloudfront::826047549130:distribution/EL88A8ILQCW7C,9/1/17 0:00,10/1/17 0:00,37271492
AmazonCloudFront,GET,IN-Requests-Tier1,arn:aws:cloudfront::826047549130:distribution/EL88A8ILQCW7C,9/1/17 0:00,10/1/17 0:00,7
AmazonCloudFront,GET,IN-Requests-HTTP-Static,arn:aws:cloudfront::826047549130:distribution/EL88A8ILQCW7C,9/1/17 0:00,10/1/17 0:00,7
AmazonCloudFront,GET,IN-DataTransfer-Out-Bytes,arn:aws:cloudfront::826047549130:distribution/EL88A8ILQCW7C,9/1/17 0:00,10/1/17 0:00,37271492
AmazonCloudFront,GET,EU-DataTransfer-Out-Bytes,arn:aws:cloudfront::826047549130:distribution/E1D0YBWP3MZ8LP,9/1/17 0:00,10/1/17 0:00,52054923
AmazonCloudFront,GET,EU-Out-Bytes-HTTP-Static,arn:aws:cloudfront::826047549130:distribution/E1D0YBWP3MZ8LP,9/1/17 0:00,10/1/17 0:00,52054923
AmazonCloudFront,GET,EU-Requests-Tier1,arn:aws:cloudfront::826047549130:distribution/E1D0YBWP3MZ8LP,9/1/17 0:00,10/1/17 0:00,6
AmazonCloudFront,GET,EU-Requests-HTTP-Static,arn:aws:cloudfront::826047549130:distribution/E1D0YBWP3MZ8LP,9/1/17 0:00,10/1/17 0:00,6
AmazonCloudFront,GET,SA-DataTransfer-Out-Bytes,arn:aws:cloudfront::826047549130:distribution/EL88A8ILQCW7C,9/1/17 0:00,10/1/17 0:00,8633057
AmazonCloudFront,GET,SA-Out-Bytes-HTTP-Static,arn:aws:cloudfront::826047549130:distribution/EL88A8ILQCW7C,9/1/17 0:00,10/1/17 0:00,8633057
AmazonCloudFront,GET,SA-Requests-Tier1,arn:aws:cloudfront::826047549130:distribution/EL88A8ILQCW7C,9/1/17 0:00,10/1/17 0:00,4
AmazonCloudFront,GET,SA-Requests-HTTP-Static,arn:aws:cloudfront::826047549130:distribution/EL88A8ILQCW7C,9/1/17 0:00,10/1/17 0:00,4
AmazonCloudFront,E_DISCONNECT,AP-DataTransfer-Out-Bytes,arn:aws:cloudfront::826047549130:streaming-distribution/E1SZ1VKVIUKBYH,9/1/17 0:00,10/1/17 0:00,7640052
AmazonCloudFront,E_DISCONNECT,AP-FMS-Out-Bytes,arn:aws:cloudfront::826047549130:streaming-distribution/E1SZ1VKVIUKBYH,9/1/17 0:00,10/1/17 0:00,7640052
AmazonCloudFront,E_DISCONNECT,US-FMS-Out-Bytes,arn:aws:cloudfront::826047549130:streaming-distribution/E3CY0R1WIF8R7,9/1/17 0:00,10/1/17 0:00,1853503
AmazonCloudFront,E_DISCONNECT,US-DataTransfer-Out-Bytes,arn:aws:cloudfront::826047549130:streaming-distribution/E3CY0R1WIF8R7,9/1/17 0:00,10/1/17 0:00,1853503
AmazonCloudFront,GET,EU-Requests-Tier1,arn:aws:cloudfront::826047549130:distribution/E3P3WNB6OO6S17,9/1/17 0:00,10/1/17 0:00,11
AmazonCloudFront,GET,EU-DataTransfer-Out-Bytes,arn:aws:cloudfront::826047549130:distribution/E3P3WNB6OO6S17,9/1/17 0:00,10/1/17 0:00,200986451
AmazonCloudFront,GET,EU-Requests-HTTP-Static,arn:aws:cloudfront::826047549130:distribution/E3P3WNB6OO6S17,9/1/17 0:00,10/1/17 0:00,11
AmazonCloudFront,GET,EU-Out-Bytes-HTTP-Static,arn:aws:cloudfront::826047549130:distribution/E3P3WNB6OO6S17,9/1/17 0:00,10/1/17 0:00,200986451
AmazonCloudFront,GET,JP-Out-Bytes-HTTP-Static,arn:aws:cloudfront::826047549130:distribution/E2T40NAK0USO52,9/1/17 0:00,10/1/17 0:00,91124838
AmazonCloudFront,GET,JP-Requests-HTTP-Static,arn:aws:cloudfront::826047549130:distribution/E2T40NAK0USO52,9/1/17 0:00,10/1/17 0:00,3
AmazonCloudFront,GET,JP-Requests-Tier1,arn:aws:cloudfront::826047549130:distribution/E2T40NAK0USO52,9/1/17 0:00,10/1/17 0:00,3
AmazonCloudFront,GET,JP-DataTransfer-Out-Bytes,arn:aws:cloudfront::826047549130:distribution/E2T40NAK0USO52,9/1/17 0:00,10/1/17 0:00,91124838
AmazonCloudFront,GET,EU-Requests-Tier1,arn:aws:cloudfront::826047549130:distribution/ETZYSUTH0ZF3O,9/1/17 0:00,10/1/17 0:00,12
AmazonCloudFront,E_DISCONNECT,EU-DataTransfer-Out-Bytes,arn:aws:cloudfront::826047549130:streaming-distribution/E1SZ1VKVIUKBYH,9/1/17 0:00,10/1/17 0:00,48542978
AmazonCloudFront,E_DISCONNECT,EU-FMS-Out-Bytes,arn:aws:cloudfront::826047549130:streaming-distribution/E1SZ1VKVIUKBYH,9/1/17 0:00,10/1/17 0:00,48542978
AmazonCloudFront,GET,EU-Out-Bytes-HTTP-Static,arn:aws:cloudfront::826047549130:distribution/ETZYSUTH0ZF3O,9/1/17 0:00,10/1/17 0:00,54878180
AmazonCloudFront,GET,EU-DataTransfer-Out-Bytes,arn:aws:cloudfront::826047549130:distribution/ETZYSUTH0ZF3O,9/1/17 0:00,10/1/17 0:00,54878180
AmazonCloudFront,GET,EU-Requests-HTTP-Static,arn:aws:cloudfront::826047549130:distribution/ETZYSUTH0ZF3O,9/1/17 0:00,10/1/17 0:00,12
AmazonCloudFront,GET,US-Requests-Tier1,arn:aws:cloudfront::826047549130:distribution/E2L45MRM5E7E7I,9/1/17 0:00,10/1/17 0:00,1
AmazonCloudFront,GET,US-Requests-HTTP-Static,arn:aws:cloudfront::826047549130:distribution/E2L45MRM5E7E7I,9/1/17 0:00,10/1/17 0:00,1
AmazonCloudFront,GET,US-Out-Bytes-HTTP-Static,arn:aws:cloudfront::826047549130:distribution/E2L45MRM5E7E7I,9/1/17 0:00,10/1/17 0:00,624
AmazonCloudFront,GET,US-DataTransfer-Out-Bytes,arn:aws:cloudfront::826047549130:distribution/E2L45MRM5E7E7I,9/1/17 0:00,10/1/17 0:00,624
AmazonCloudFront,GET,CA-Requests-Tier1,arn:aws:cloudfront::826047549130:distribution/E3P3WNB6OO6S17,9/1/17 0:00,10/1/17 0:00,7
AmazonCloudFront,GET,CA-DataTransfer-Out-Bytes,arn:aws:cloudfront::826047549130:distribution/E2T40NAK0USO52,9/1/17 0:00,10/1/17 0:00,9459404
AmazonCloudFront,GET,CA-Out-Bytes-HTTP-Static,arn:aws:cloudfront::826047549130:distribution/ETS1LTYF9XVQD,9/1/17 0:00,10/1/17 0:00,111741463
AmazonCloudFront,GET,CA-Requests-HTTP-Static,arn:aws:cloudfront::826047549130:distribution/E3P3WNB6OO6S17,9/1/17 0:00,10/1/17 0:00,7
AmazonCloudFront,GET,CA-Requests-HTTP-Static,arn:aws:cloudfront::826047549130:distribution/E2T40NAK0USO52,9/1/17 0:00,10/1/17 0:00,6
AmazonCloudFront,GET,CA-Requests-Tier1,arn:aws:cloudfront::826047549130:distribution/ETS1LTYF9XVQD,9/1/17 0:00,10/1/17 0:00,4
AmazonCloudFront,GET,CA-DataTransfer-Out-Bytes,arn:aws:cloudfront::826047549130:distribution/ETS1LTYF9XVQD,9/1/17 0:00,10/1/17 0:00,111741463
AmazonCloudFront,GET,CA-Out-Bytes-HTTP-Static,arn:aws:cloudfront::826047549130:distribution/E3P3WNB6OO6S17,9/1/17 0:00,10/1/17 0:00,108887353
AmazonCloudFront,GET,CA-DataTransfer-Out-Bytes,arn:aws:cloudfront::826047549130:distribution/E3P3WNB6OO6S17,9/1/17 0:00,10/1/17 0:00,108887353
AmazonCloudFront,GET,CA-Out-Bytes-HTTP-Static,arn:aws:cloudfront::826047549130:distribution/E2T40NAK0USO52,9/1/17 0:00,10/1/17 0:00,9459404
AmazonCloudFront,GET,CA-Requests-HTTP-Static,arn:aws:cloudfront::826047549130:distribution/ETS1LTYF9XVQD,9/1/17 0:00,10/1/17 0:00,4
AmazonCloudFront,GET,CA-Requests-Tier1,arn:aws:cloudfront::826047549130:distribution/E2T40NAK0USO52,9/1/17 0:00,10/1/17 0:00,6
AmazonCloudFront,GET,CA-Out-Bytes-HTTP-Static,arn:aws:cloudfront::826047549130:distribution/E5KH36MBXUNG8,9/1/17 0:00,10/1/17 0:00,174072026
AmazonCloudFront,GET,CA-DataTransfer-Out-Bytes,arn:aws:cloudfront::826047549130:distribution/E5KH36MBXUNG8,9/1/17 0:00,10/1/17 0:00,174072026
AmazonCloudFront,GET,CA-Requests-Tier1,arn:aws:cloudfront::826047549130:distribution/E5KH36MBXUNG8,9/1/17 0:00,10/1/17 0:00,10
AmazonCloudFront,GET,CA-Requests-HTTP-Static,arn:aws:cloudfront::826047549130:distribution/E5KH36MBXUNG8,9/1/17 0:00,10/1/17 0:00,10
AmazonCloudFront,GET,US-Requests-HTTP-Static,arn:aws:cloudfront::826047549130:distribution/E37AU2VJ4CIADN,9/1/17 0:00,10/1/17 0:00,209
AmazonCloudFront,GET,US-DataTransfer-Out-Bytes,arn:aws:cloudfront::826047549130:distribution/E37AU2VJ4CIADN,9/1/17 0:00,10/1/17 0:00,5706556707
AmazonCloudFront,GET,US-Requests-Tier1,arn:aws:cloudfront::826047549130:distribution/E37AU2VJ4CIADN,9/1/17 0:00,10/1/17 0:00,209
AmazonCloudFront,GET,US-Out-Bytes-HTTP-Static,arn:aws:cloudfront::826047549130:distribution/E37AU2VJ4CIADN,9/1/17 0:00,10/1/17 0:00,5706556707
AmazonCloudFront,E_DISCONNECT,CA-DataTransfer-Out-Bytes,arn:aws:cloudfront::826047549130:streaming-distribution/E2AG8JUOCZB10P,9/1/17 0:00,10/1/17 0:00,3073
AmazonCloudFront,E_DISCONNECT,CA-FMS-Out-Bytes,arn:aws:cloudfront::826047549130:streaming-distribution/E2AG8JUOCZB10P,9/1/17 0:00,10/1/17 0:00,3073
AmazonCloudFront,E_DISCONNECT,EU-FMS-Out-Bytes,arn:aws:cloudfront::826047549130:streaming-distribution/E3CY0R1WIF8R7,9/1/17 0:00,10/1/17 0:00,493233
AmazonCloudFront,E_DISCONNECT,US-FMS-Out-Bytes,arn:aws:cloudfront::826047549130:streaming-distribution/E299FIZRHLW2W3,9/1/17 0:00,10/1/17 0:00,39754402
AmazonCloudFront,E_DISCONNECT,EU-DataTransfer-Out-Bytes,arn:aws:cloudfront::826047549130:streaming-distribution/E3CY0R1WIF8R7,9/1/17 0:00,10/1/17 0:00,493233
AmazonCloudFront,E_DISCONNECT,US-DataTransfer-Out-Bytes,arn:aws:cloudfront::826047549130:streaming-distribution/E299FIZRHLW2W3,9/1/17 0:00,10/1/17 0:00,39754402
AmazonCloudFront,GET,AP-DataTransfer-Out-Bytes,arn:aws:cloudfront::826047549130:distribution/E2NYQG5CAC1L5P,9/1/17 0:00,10/1/17 0:00,7953008
AmazonCloudFront,GET,AP-Requests-HTTP-Static,arn:aws:cloudfront::826047549130:distribution/E2NYQG5CAC1L5P,9/1/17 0:00,10/1/17 0:00,3
AmazonCloudFront,GET,AP-Out-Bytes-HTTP-Static,arn:aws:cloudfront::826047549130:distribution/E2NYQG5CAC1L5P,9/1/17 0:00,10/1/17 0:00,7953008
AmazonCloudFront,GET,AP-Requests-Tier1,arn:aws:cloudfront::826047549130:distribution/E2NYQG5CAC1L5P,9/1/17 0:00,10/1/17 0:00,3
AmazonCloudFront,GET,CA-Requests-Tier1,arn:aws:cloudfront::826047549130:distribution/E1JTSHNXG20810,9/1/17 0:00,10/1/17 0:00,9
AmazonCloudFront,GET,CA-DataTransfer-Out-Bytes,arn:aws:cloudfront::826047549130:distribution/E1JTSHNXG20810,9/1/17 0:00,10/1/17 0:00,162657578
AmazonCloudFront,GET,CA-Out-Bytes-HTTP-Static,arn:aws:cloudfront::826047549130:distribution/E1JTSHNXG20810,9/1/17 0:00,10/1/17 0:00,162657578
AmazonCloudFront,GET,CA-Requests-HTTP-Static,arn:aws:cloudfront::826047549130:distribution/E1JTSHNXG20810,9/1/17 0:00,10/1/17 0:00,9
AmazonCloudFront,E_DISCONNECT,US-FMS-Out-Bytes,arn:aws:cloudfront::826047549130:streaming-distribution/E2AG8JUOCZB10P,9/1/17 0:00,10/1/17 0:00,6935786
AmazonCloudFront,E_DISCONNECT,US-DataTransfer-Out-Bytes,arn:aws:cloudfront::826047549130:streaming-distribution/E2AG8JUOCZB10P,9/1/17 0:00,10/1/17 0:00,6935786
AmazonCloudFront,GET,EU-Requests-Tier1,arn:aws:cloudfront::826047549130:distribution/E1PW4MXM69WCHZ,9/1/17 0:00,10/1/17 0:00,5
AmazonCloudFront,GET,EU-DataTransfer-Out-Bytes,arn:aws:cloudfront::826047549130:distribution/E1PW4MXM69WCHZ,9/1/17 0:00,10/1/17 0:00,21275725
AmazonCloudFront,GET,EU-Out-Bytes-HTTP-Static,arn:aws:cloudfront::826047549130:distribution/E1PW4MXM69WCHZ,9/1/17 0:00,10/1/17 0:00,21275725
AmazonCloudFront,GET,EU-Requests-HTTP-Static,arn:aws:cloudfront::826047549130:distribution/E1PW4MXM69WCHZ,9/1/17 0:00,10/1/17 0:00,5
AmazonCloudFront,GET,CA-Out-Bytes-HTTP-Static,arn:aws:cloudfront::826047549130:distribution/E2BRA5ADBF6SWG,9/1/17 0:00,10/1/17 0:00,90879630
AmazonCloudFront,GET,CA-Requests-Tier1,arn:aws:cloudfront::826047549130:distribution/E2BRA5ADBF6SWG,9/1/17 0:00,10/1/17 0:00,5
AmazonCloudFront,GET,CA-Requests-HTTP-Static,arn:aws:cloudfront::826047549130:distribution/E2BRA5ADBF6SWG,9/1/17 0:00,10/1/17 0:00,5
AmazonCloudFront,GET,CA-DataTransfer-Out-Bytes,arn:aws:cloudfront::826047549130:distribution/E2BRA5ADBF6SWG,9/1/17 0:00,10/1/17 0:00,90879630
AmazonCloudFront,HEAD,US-Out-Bytes-HTTP-Static,arn:aws:cloudfront::826047549130:distribution/EEQTC9TPA4L25,9/1/17 0:00,10/1/17 0:00,337
AmazonCloudFront,HEAD,US-DataTransfer-Out-Bytes,arn:aws:cloudfront::826047549130:distribution/EEQTC9TPA4L25,9/1/17 0:00,10/1/17 0:00,337
AmazonCloudFront,HEAD,US-Requests-HTTP-Static,arn:aws:cloudfront::826047549130:distribution/EEQTC9TPA4L25,9/1/17 0:00,10/1/17 0:00,1
AmazonCloudFront,HEAD,US-Requests-Tier1,arn:aws:cloudfront::826047549130:distribution/EEQTC9TPA4L25,9/1/17 0:00,10/1/17 0:00,1
AmazonCloudFront,GET,EU-Requests-HTTP-Static,arn:aws:cloudfront::826047549130:distribution/ERZ64CYPGTCBE,9/1/17 0:00,10/1/17 0:00,13
AmazonCloudFront,GET,EU-DataTransfer-Out-Bytes,arn:aws:cloudfront::826047549130:distribution/ERZ64CYPGTCBE,9/1/17 0:00,10/1/17 0:00,354414965
AmazonCloudFront,GET,EU-Requests-Tier1,arn:aws:cloudfront::826047549130:distribution/ERZ64CYPGTCBE,9/1/17 0:00,10/1/17 0:00,13
AmazonCloudFront,GET,EU-Out-Bytes-HTTP-Static,arn:aws:cloudfront::826047549130:distribution/ERZ64CYPGTCBE,9/1/17 0:00,10/1/17 0:00,354414965
AmazonCloudFront,E_DISCONNECT,US-DataTransfer-Out-Bytes,arn:aws:cloudfront::826047549130:streaming-distribution/E1QLHD71EGRH0Z,9/1/17 0:00,10/1/17 0:00,249762308
AmazonCloudFront,E_DISCONNECT,US-FMS-Out-Bytes,arn:aws:cloudfront::826047549130:streaming-distribution/E1QLHD71EGRH0Z,9/1/17 0:00,10/1/17 0:00,249762308
AmazonCloudFront,GET,JP-Out-Bytes-HTTP-Static,arn:aws:cloudfront::826047549130:distribution/E2LMJ3H1TGGR1N,9/1/17 0:00,10/1/17 0:00,1248
AmazonCloudFront,GET,JP-Requests-Tier1,arn:aws:cloudfront::826047549130:distribution/E2LMJ3H1TGGR1N,9/1/17 0:00,10/1/17 0:00,2
AmazonCloudFront,GET,JP-DataTransfer-Out-Bytes,arn:aws:cloudfront::826047549130:distribution/E2LMJ3H1TGGR1N,9/1/17 0:00,10/1/17 0:00,1248
AmazonCloudFront,GET,JP-Requests-HTTP-Static,arn:aws:cloudfront::826047549130:distribution/E2LMJ3H1TGGR1N,9/1/17 0:00,10/1/17 0:00,2
AmazonCloudFront,E_DISCONNECT,AP-FMS-Out-Bytes,arn:aws:cloudfront::826047549130:streaming-distribution/EV24MRDJNLGDJ,9/1/17 0:00,10/1/17 0:00,106503336
AmazonCloudFront,E_DISCONNECT,AP-DataTransfer-Out-Bytes,arn:aws:cloudfront::826047549130:streaming-distribution/EV24MRDJNLGDJ,9/1/17 0:00,10/1/17 0:00,106503336
AmazonCloudFront,GET,AP-Requests-Tier1,arn:aws:cloudfront::826047549130:distribution/E1CJTSOUL26LXW,9/1/17 0:00,10/1/17 0:00,91
AmazonCloudFront,GET,AP-DataTransfer-Out-Bytes,arn:aws:cloudfront::826047549130:distribution/E1CJTSOUL26LXW,9/1/17 0:00,10/1/17 0:00,121439559
AmazonCloudFront,GET,AP-Out-Bytes-HTTP-Static,arn:aws:cloudfront::826047549130:distribution/E1CJTSOUL26LXW,9/1/17 0:00,10/1/17 0:00,121439559
AmazonCloudFront,GET,AP-Requests-HTTP-Static,arn:aws:cloudfront::826047549130:distribution/E1CJTSOUL26LXW,9/1/17 0:00,10/1/17 0:00,91
AmazonCloudFront,E_DISCONNECT,CA-DataTransfer-Out-Bytes,arn:aws:cloudfront::826047549130:streaming-distribution/E2EJ1BMOMMG4PQ,9/1/17 0:00,10/1/17 0:00,3477
AmazonCloudFront,E_DISCONNECT,CA-FMS-Out-Bytes,arn:aws:cloudfront::826047549130:streaming-distribution/E2EJ1BMOMMG4PQ,9/1/17 0:00,10/1/17 0:00,3477
AmazonCloudFront,GET,AP-Requests-Tier1,arn:aws:cloudfront::826047549130:distribution/E5KH36MBXUNG8,9/1/17 0:00,10/1/17 0:00,1
AmazonCloudFront,GET,AP-Requests-HTTP-Static,arn:aws:cloudfront::826047549130:distribution/E5KH36MBXUNG8,9/1/17 0:00,10/1/17 0:00,1
AmazonCloudFront,GET,AP-DataTransfer-Out-Bytes,arn:aws:cloudfront::826047549130:distribution/E5KH36MBXUNG8,9/1/17 0:00,10/1/17 0:00,17479
AmazonCloudFront,GET,AP-Out-Bytes-HTTP-Static,arn:aws:cloudfront::826047549130:distribution/E5KH36MBXUNG8,9/1/17 0:00,10/1/17 0:00,17479
AmazonCloudFront,GET,AP-Out-Bytes-HTTP-Static,arn:aws:cloudfront::826047549130:distribution/EL88A8ILQCW7C,9/1/17 0:00,10/1/17 0:00,7242681
AmazonCloudFront,GET,AP-Requests-HTTP-Static,arn:aws:cloudfront::826047549130:distribution/EL88A8ILQCW7C,9/1/17 0:00,10/1/17 0:00,4
AmazonCloudFront,GET,AP-DataTransfer-Out-Bytes,arn:aws:cloudfront::826047549130:distribution/EL88A8ILQCW7C,9/1/17 0:00,10/1/17 0:00,7242681
AmazonCloudFront,GET,AP-Requests-Tier1,arn:aws:cloudfront::826047549130:distribution/EL88A8ILQCW7C,9/1/17 0:00,10/1/17 0:00,4
AmazonCloudFront,GET,EU-Requests-Tier1,arn:aws:cloudfront::826047549130:distribution/E2NOOZDM9221T0,9/1/17 0:00,10/1/17 0:00,5
AmazonCloudFront,GET,EU-DataTransfer-Out-Bytes,arn:aws:cloudfront::826047549130:distribution/E2NOOZDM9221T0,9/1/17 0:00,10/1/17 0:00,25331191
AmazonCloudFront,GET,EU-Requests-HTTP-Static,arn:aws:cloudfront::826047549130:distribution/E2NOOZDM9221T0,9/1/17 0:00,10/1/17 0:00,5
AmazonCloudFront,GET,EU-Out-Bytes-HTTP-Static,arn:aws:cloudfront::826047549130:distribution/E2NOOZDM9221T0,9/1/17 0:00,10/1/17 0:00,25331191
AmazonCloudFront,E_DISCONNECT,EU-FMS-Out-Bytes,arn:aws:cloudfront::826047549130:streaming-distribution/E1875U4535EC9W,9/1/17 0:00,10/1/17 0:00,374516
AmazonCloudFront,E_DISCONNECT,EU-DataTransfer-Out-Bytes,arn:aws:cloudfront::826047549130:streaming-distribution/E1875U4535EC9W,9/1/17 0:00,10/1/17 0:00,374516
AmazonCloudFront,GET,AU-Requests-HTTP-Static,arn:aws:cloudfront::826047549130:distribution/E2NYQG5CAC1L5P,9/1/17 0:00,10/1/17 0:00,6
AmazonCloudFront,GET,AU-DataTransfer-Out-Bytes,arn:aws:cloudfront::826047549130:distribution/E2NYQG5CAC1L5P,9/1/17 0:00,10/1/17 0:00,15818112
AmazonCloudFront,GET,AU-Out-Bytes-HTTP-Static,arn:aws:cloudfront::826047549130:distribution/E2NYQG5CAC1L5P,9/1/17 0:00,10/1/17 0:00,15818112
AmazonCloudFront,GET,AU-Requests-Tier1,arn:aws:cloudfront::826047549130:distribution/E2NYQG5CAC1L5P,9/1/17 0:00,10/1/17 0:00,6
AmazonCloudFront,GET,IN-Out-Bytes-HTTP-Static,arn:aws:cloudfront::826047549130:distribution/ERZ64CYPGTCBE,9/1/17 0:00,10/1/17 0:00,14065524
AmazonCloudFront,GET,IN-DataTransfer-Out-Bytes,arn:aws:cloudfront::826047549130:distribution/ERZ64CYPGTCBE,9/1/17 0:00,10/1/17 0:00,14065524
AmazonCloudFront,GET,IN-Requests-HTTP-Static,arn:aws:cloudfront::826047549130:distribution/ERZ64CYPGTCBE,9/1/17 0:00,10/1/17 0:00,4
AmazonCloudFront,GET,IN-Requests-Tier1,arn:aws:cloudfront::826047549130:distribution/ERZ64CYPGTCBE,9/1/17 0:00,10/1/17 0:00,4
AmazonCloudFront,GET,CA-Requests-HTTP-Static,arn:aws:cloudfront::826047549130:distribution/E1PW4MXM69WCHZ,9/1/17 0:00,10/1/17 0:00,3
AmazonCloudFront,GET,CA-Out-Bytes-HTTP-Static,arn:aws:cloudfront::826047549130:distribution/E1PW4MXM69WCHZ,9/1/17 0:00,10/1/17 0:00,21443667
AmazonCloudFront,GET,CA-Requests-Tier1,arn:aws:cloudfront::826047549130:distribution/E1PW4MXM69WCHZ,9/1/17 0:00,10/1/17 0:00,3
AmazonCloudFront,GET,CA-DataTransfer-Out-Bytes,arn:aws:cloudfront::826047549130:distribution/E1PW4MXM69WCHZ,9/1/17 0:00,10/1/17 0:00,21443667
AmazonCloudFront,GET,CA-Requests-Tier1,arn:aws:cloudfront::826047549130:distribution/EL88A8ILQCW7C,9/1/17 0:00,10/1/17 0:00,10
AmazonCloudFront,GET,CA-Requests-HTTP-Static,arn:aws:cloudfront::826047549130:distribution/EL88A8ILQCW7C,9/1/17 0:00,10/1/17 0:00,10
AmazonCloudFront,GET,CA-DataTransfer-Out-Bytes,arn:aws:cloudfront::826047549130:distribution/EL88A8ILQCW7C,9/1/17 0:00,10/1/17 0:00,130702152
AmazonCloudFront,GET,CA-Out-Bytes-HTTP-Static,arn:aws:cloudfront::826047549130:distribution/EL88A8ILQCW7C,9/1/17 0:00,10/1/17 0:00,130702152
AmazonCloudFront,GET,CA-Requests-HTTP-Static,arn:aws:cloudfront::826047549130:distribution/E1D0YBWP3MZ8LP,9/1/17 0:00,10/1/17 0:00,5
AmazonCloudFront,GET,CA-DataTransfer-Out-Bytes,arn:aws:cloudfront::826047549130:distribution/E1D0YBWP3MZ8LP,9/1/17 0:00,10/1/17 0:00,52589761
AmazonCloudFront,GET,CA-Requests-Tier1,arn:aws:cloudfront::826047549130:distribution/E1D0YBWP3MZ8LP,9/1/17 0:00,10/1/17 0:00,5
AmazonCloudFront,GET,CA-Out-Bytes-HTTP-Static,arn:aws:cloudfront::826047549130:distribution/E1D0YBWP3MZ8LP,9/1/17 0:00,10/1/17 0:00,52589761
AmazonCloudFront,GET,CA-Requests-Tier1,arn:aws:cloudfront::826047549130:distribution/E1CJTSOUL26LXW,9/1/17 0:00,10/1/17 0:00,118
AmazonCloudFront,GET,CA-DataTransfer-Out-Bytes,arn:aws:cloudfront::826047549130:distribution/E1CJTSOUL26LXW,9/1/17 0:00,10/1/17 0:00,2603861010
AmazonCloudFront,GET,CA-Out-Bytes-HTTP-Static,arn:aws:cloudfront::826047549130:distribution/E1CJTSOUL26LXW,9/1/17 0:00,10/1/17 0:00,2603861010
AmazonCloudFront,GET,CA-Requests-HTTP-Static,arn:aws:cloudfront::826047549130:distribution/E1CJTSOUL26LXW,9/1/17 0:00,10/1/17 0:00,118
AmazonCloudFront,GET,AP-Requests-HTTP-Static,arn:aws:cloudfront::826047549130:distribution/E37AU2VJ4CIADN,9/1/17 0:00,10/1/17 0:00,32
AmazonCloudFront,GET,AP-Requests-Tier1,arn:aws:cloudfront::826047549130:distribution/E37AU2VJ4CIADN,9/1/17 0:00,10/1/17 0:00,32
AmazonCloudFront,GET,AP-DataTransfer-Out-Bytes,arn:aws:cloudfront::826047549130:distribution/E37AU2VJ4CIADN,9/1/17 0:00,10/1/17 0:00,828081713
AmazonCloudFront,GET,AP-Out-Bytes-HTTP-Static,arn:aws:cloudfront::826047549130:distribution/E37AU2VJ4CIADN,9/1/17 0:00,10/1/17 0:00,828081713
AmazonCloudFront,GET,AP-Requests-Tier1,arn:aws:cloudfront::826047549130:distribution/ERZ64CYPGTCBE,9/1/17 0:00,10/1/17 0:00,1
AmazonCloudFront,GET,AP-Requests-HTTP-Static,arn:aws:cloudfront::826047549130:distribution/ERZ64CYPGTCBE,9/1/17 0:00,10/1/17 0:00,1
AmazonCloudFront,GET,AP-DataTransfer-Out-Bytes,arn:aws:cloudfront::826047549130:distribution/ERZ64CYPGTCBE,9/1/17 0:00,10/1/17 0:00,55159
AmazonCloudFront,GET,AP-Out-Bytes-HTTP-Static,arn:aws:cloudfront::826047549130:distribution/ERZ64CYPGTCBE,9/1/17 0:00,10/1/17 0:00,55159
AmazonCloudFront,GET,IN-Requests-Tier1,arn:aws:cloudfront::826047549130:distribution/E38UUP5T1LQ073,9/1/17 0:00,10/1/17 0:00,264
AmazonCloudFront,GET,IN-DataTransfer-Out-Bytes,arn:aws:cloudfront::826047549130:distribution/E38UUP5T1LQ073,9/1/17 0:00,10/1/17 0:00,584822390
AmazonCloudFront,GET,IN-Out-Bytes-HTTP-Static,arn:aws:cloudfront::826047549130:distribution/E38UUP5T1LQ073,9/1/17 0:00,10/1/17 0:00,584822390
AmazonCloudFront,GET,IN-Requests-HTTP-Static,arn:aws:cloudfront::826047549130:distribution/E38UUP5T1LQ073,9/1/17 0:00,10/1/17 0:00,264
AmazonCloudFront,GET,EU-DataTransfer-Out-Bytes,arn:aws:cloudfront::826047549130:distribution/E37UKA0NXSI6UL,9/1/17 0:00,10/1/17 0:00,16893371
AmazonCloudFront,GET,EU-Out-Bytes-HTTP-Static,arn:aws:cloudfront::826047549130:distribution/E37UKA0NXSI6UL,9/1/17 0:00,10/1/17 0:00,16893371
AmazonCloudFront,GET,EU-Requests-Tier1,arn:aws:cloudfront::826047549130:distribution/E37UKA0NXSI6UL,9/1/17 0:00,10/1/17 0:00,4
AmazonCloudFront,GET,EU-Requests-HTTP-Static,arn:aws:cloudfront::826047549130:distribution/E37UKA0NXSI6UL,9/1/17 0:00,10/1/17 0:00,4
AmazonCloudFront,GET,SA-DataTransfer-Out-Bytes,arn:aws:cloudfront::826047549130:distribution/EPY0LH55N8GEW,9/1/17 0:00,10/1/17 0:00,31381425
AmazonCloudFront,GET,SA-Out-Bytes-HTTP-Static,arn:aws:cloudfront::826047549130:distribution/EPY0LH55N8GEW,9/1/17 0:00,10/1/17 0:00,31381425
AmazonCloudFront,GET,SA-Requests-HTTP-Static,arn:aws:cloudfront::826047549130:distribution/EPY0LH55N8GEW,9/1/17 0:00,10/1/17 0:00,4
AmazonCloudFront,GET,SA-Requests-Tier1,arn:aws:cloudfront::826047549130:distribution/EPY0LH55N8GEW,9/1/17 0:00,10/1/17 0:00,4
AmazonCloudFront,GET,CA-Requests-Tier1,arn:aws:cloudfront::826047549130:distribution/E28VVLMIBQ73XL,9/1/17 0:00,10/1/17 0:00,19
AmazonCloudFront,GET,CA-DataTransfer-Out-Bytes,arn:aws:cloudfront::826047549130:distribution/E28VVLMIBQ73XL,9/1/17 0:00,10/1/17 0:00,311729161
AmazonCloudFront,GET,CA-Requests-HTTP-Static,arn:aws:cloudfront::826047549130:distribution/E28VVLMIBQ73XL,9/1/17 0:00,10/1/17 0:00,19
AmazonCloudFront,GET,CA-Out-Bytes-HTTP-Static,arn:aws:cloudfront::826047549130:distribution/E28VVLMIBQ73XL,9/1/17 0:00,10/1/17 0:00,311729161
AmazonCloudFront,GET,CA-DataTransfer-Out-Bytes,arn:aws:cloudfront::826047549130:distribution/E3OJHNZZRNS5BM,9/1/17 0:00,10/1/17 0:00,35774918
AmazonCloudFront,GET,CA-Out-Bytes-HTTP-Static,arn:aws:cloudfront::826047549130:distribution/E3OJHNZZRNS5BM,9/1/17 0:00,10/1/17 0:00,35774918
AmazonCloudFront,GET,CA-Requests-HTTP-Static,arn:aws:cloudfront::826047549130:distribution/E3OJHNZZRNS5BM,9/1/17 0:00,10/1/17 0:00,2
AmazonCloudFront,GET,CA-Requests-Tier1,arn:aws:cloudfront::826047549130:distribution/E3OJHNZZRNS5BM,9/1/17 0:00,10/1/17 0:00,2
AmazonCloudFront,GET,AU-DataTransfer-Out-Bytes,arn:aws:cloudfront::826047549130:distribution/EL88A8ILQCW7C,9/1/17 0:00,10/1/17 0:00,29234994
AmazonCloudFront,GET,CA-DataTransfer-Out-Bytes,arn:aws:cloudfront::826047549130:distribution/E2T5L76OUAZFLZ,9/1/17 0:00,10/1/17 0:00,64862887
AmazonCloudFront,GET,AU-Requests-Tier1,arn:aws:cloudfront::826047549130:distribution/EL88A8ILQCW7C,9/1/17 0:00,10/1/17 0:00,14
AmazonCloudFront,GET,CA-Requests-HTTP-Static,arn:aws:cloudfront::826047549130:distribution/E2T5L76OUAZFLZ,9/1/17 0:00,10/1/17 0:00,2
AmazonCloudFront,GET,CA-Requests-Tier1,arn:aws:cloudfront::826047549130:distribution/E2T5L76OUAZFLZ,9/1/17 0:00,10/1/17 0:00,2
AmazonCloudFront,GET,AU-Requests-HTTP-Static,arn:aws:cloudfront::826047549130:distribution/EL88A8ILQCW7C,9/1/17 0:00,10/1/17 0:00,14
AmazonCloudFront,GET,CA-Out-Bytes-HTTP-Static,arn:aws:cloudfront::826047549130:distribution/E2T5L76OUAZFLZ,9/1/17 0:00,10/1/17 0:00,64862887
AmazonCloudFront,GET,AU-Out-Bytes-HTTP-Static,arn:aws:cloudfront::826047549130:distribution/EL88A8ILQCW7C,9/1/17 0:00,10/1/17 0:00,29234994
AmazonCloudFront,GET,IN-Requests-Tier1,arn:aws:cloudfront::826047549130:distribution/E1CJTSOUL26LXW,9/1/17 0:00,10/1/17 0:00,6
AmazonCloudFront,GET,IN-Requests-HTTP-Static,arn:aws:cloudfront::826047549130:distribution/E1CJTSOUL26LXW,9/1/17 0:00,10/1/17 0:00,6
AmazonCloudFront,GET,IN-Out-Bytes-HTTP-Static,arn:aws:cloudfront::826047549130:distribution/E1CJTSOUL26LXW,9/1/17 0:00,10/1/17 0:00,27013462
AmazonCloudFront,GET,IN-DataTransfer-Out-Bytes,arn:aws:cloudfront::826047549130:distribution/E1CJTSOUL26LXW,9/1/17 0:00,10/1/17 0:00,27013462
AmazonCloudFront,GET,CA-Out-Bytes-HTTP-Static,arn:aws:cloudfront::826047549130:distribution/E2NYQG5CAC1L5P,9/1/17 0:00,10/1/17 0:00,1344
AmazonCloudFront,GET,CA-Requests-HTTP-Static,arn:aws:cloudfront::826047549130:distribution/E2NYQG5CAC1L5P,9/1/17 0:00,10/1/17 0:00,3
AmazonCloudFront,GET,CA-Requests-Tier1,arn:aws:cloudfront::826047549130:distribution/E2NYQG5CAC1L5P,9/1/17 0:00,10/1/17 0:00,3
AmazonCloudFront,GET,CA-DataTransfer-Out-Bytes,arn:aws:cloudfront::826047549130:distribution/E2NYQG5CAC1L5P,9/1/17 0:00,10/1/17 0:00,1344
AmazonCloudFront,E_DISCONNECT,US-FMS-Out-Bytes,arn:aws:cloudfront::826047549130:streaming-distribution/E3PCA168EIJTIS,9/1/17 0:00,10/1/17 0:00,473686189
AmazonCloudFront,E_DISCONNECT,US-DataTransfer-Out-Bytes,arn:aws:cloudfront::826047549130:streaming-distribution/E3PCA168EIJTIS,9/1/17 0:00,10/1/17 0:00,473686189
AmazonCloudFront,E_DISCONNECT,US-FMS-Out-Bytes,arn:aws:cloudfront::826047549130:streaming-distribution/E1VSDVBPGGJJ5A,9/1/17 0:00,10/1/17 0:00,1047991
AmazonCloudFront,E_DISCONNECT,US-DataTransfer-Out-Bytes,arn:aws:cloudfront::826047549130:streaming-distribution/E1VSDVBPGGJJ5A,9/1/17 0:00,10/1/17 0:00,1047991
AmazonCloudFront,GET,AP-Out-Bytes-HTTP-Static,arn:aws:cloudfront::826047549130:distribution/E38UUP5T1LQ073,9/1/17 0:00,10/1/17 0:00,106323772
AmazonCloudFront,GET,AP-Requests-Tier1,arn:aws:cloudfront::826047549130:distribution/E38UUP5T1LQ073,9/1/17 0:00,10/1/17 0:00,7
AmazonCloudFront,GET,AP-Requests-HTTP-Static,arn:aws:cloudfront::826047549130:distribution/E38UUP5T1LQ073,9/1/17 0:00,10/1/17 0:00,7
AmazonCloudFront,GET,AP-DataTransfer-Out-Bytes,arn:aws:cloudfront::826047549130:distribution/E38UUP5T1LQ073,9/1/17 0:00,10/1/17 0:00,106323772
AmazonCloudFront,HEAD,US-Requests-HTTP-Static,arn:aws:cloudfront::826047549130:distribution/E26YO0NX4QTGUN,9/1/17 0:00,10/1/17 0:00,2
AmazonCloudFront,HEAD,US-Requests-Tier1,arn:aws:cloudfront::826047549130:distribution/E26YO0NX4QTGUN,9/1/17 0:00,10/1/17 0:00,2
AmazonCloudFront,HEAD,US-DataTransfer-Out-Bytes,arn:aws:cloudfront::826047549130:distribution/E26YO0NX4QTGUN,9/1/17 0:00,10/1/17 0:00,1008
AmazonCloudFront,HEAD,US-Out-Bytes-HTTP-Static,arn:aws:cloudfront::826047549130:distribution/E26YO0NX4QTGUN,9/1/17 0:00,10/1/17 0:00,1008
AmazonCloudFront,POST,US-Out-OBytes-HTTP-Proxy,arn:aws:cloudfront::826047549130:distribution/E38UUP5T1LQ073,9/1/17 0:00,10/1/17 0:00,645
AmazonCloudFront,POST,US-Requests-HTTP-Proxy,arn:aws:cloudfront::826047549130:distribution/E38UUP5T1LQ073,9/1/17 0:00,10/1/17 0:00,2
AmazonCloudFront,POST,US-DataTransfer-Out-Bytes,arn:aws:cloudfront::826047549130:distribution/E38UUP5T1LQ073,9/1/17 0:00,10/1/17 0:00,2032
AmazonCloudFront,POST,US-DataTransfer-Out-OBytes,arn:aws:cloudfront::826047549130:distribution/E38UUP5T1LQ073,9/1/17 0:00,10/1/17 0:00,645
AmazonCloudFront,POST,US-Out-Bytes-HTTP-Proxy,arn:aws:cloudfront::826047549130:distribution/E38UUP5T1LQ073,9/1/17 0:00,10/1/17 0:00,2032
AmazonCloudFront,E_DISCONNECT,CA-DataTransfer-Out-Bytes,arn:aws:cloudfront::826047549130:streaming-distribution/EV24MRDJNLGDJ,9/1/17 0:00,10/1/17 0:00,17385
AmazonCloudFront,E_DISCONNECT,CA-FMS-Out-Bytes,arn:aws:cloudfront::826047549130:streaming-distribution/EV24MRDJNLGDJ,9/1/17 0:00,10/1/17 0:00,17385
AmazonCloudFront,GET,IN-Out-Bytes-HTTP-Static,arn:aws:cloudfront::826047549130:distribution/ETZYSUTH0ZF3O,9/1/17 0:00,10/1/17 0:00,6619446
AmazonCloudFront,GET,IN-Requests-Tier1,arn:aws:cloudfront::826047549130:distribution/ETZYSUTH0ZF3O,9/1/17 0:00,10/1/17 0:00,1
AmazonCloudFront,GET,IN-DataTransfer-Out-Bytes,arn:aws:cloudfront::826047549130:distribution/ETZYSUTH0ZF3O,9/1/17 0:00,10/1/17 0:00,6619446
AmazonCloudFront,GET,IN-Requests-HTTP-Static,arn:aws:cloudfront::826047549130:distribution/ETZYSUTH0ZF3O,9/1/17 0:00,10/1/17 0:00,1
AmazonCloudFront,GET,SA-Requests-Tier1,arn:aws:cloudfront::826047549130:distribution/E2T40NAK0USO52,9/1/17 0:00,10/1/17 0:00,1
AmazonCloudFront,GET,SA-Out-Bytes-HTTP-Static,arn:aws:cloudfront::826047549130:distribution/E2T40NAK0USO52,9/1/17 0:00,10/1/17 0:00,1987054
AmazonCloudFront,GET,SA-DataTransfer-Out-Bytes,arn:aws:cloudfront::826047549130:distribution/E2T40NAK0USO52,9/1/17 0:00,10/1/17 0:00,1987054
AmazonCloudFront,GET,SA-Requests-HTTP-Static,arn:aws:cloudfront::826047549130:distribution/E2T40NAK0USO52,9/1/17 0:00,10/1/17 0:00,1
AmazonCloudFront,E_DISCONNECT,CA-FMS-Out-Bytes,arn:aws:cloudfront::826047549130:streaming-distribution/E1YTLGAZD4B1N4,9/1/17 0:00,10/1/17 0:00,1944747
AmazonCloudFront,E_DISCONNECT,CA-DataTransfer-Out-Bytes,arn:aws:cloudfront::826047549130:streaming-distribution/E1YTLGAZD4B1N4,9/1/17 0:00,10/1/17 0:00,1944747
AmazonCloudFront,GET,SA-Out-Bytes-HTTP-Static,arn:aws:cloudfront::826047549130:distribution/E375MH6ZAY37VJ,9/1/17 0:00,10/1/17 0:00,25262317
AmazonCloudFront,GET,SA-Requests-HTTP-Static,arn:aws:cloudfront::826047549130:distribution/E375MH6ZAY37VJ,9/1/17 0:00,10/1/17 0:00,3
AmazonCloudFront,GET,SA-Requests-Tier1,arn:aws:cloudfront::826047549130:distribution/E375MH6ZAY37VJ,9/1/17 0:00,10/1/17 0:00,3
AmazonCloudFront,GET,SA-DataTransfer-Out-Bytes,arn:aws:cloudfront::826047549130:distribution/E375MH6ZAY37VJ,9/1/17 0:00,10/1/17 0:00,25262317
AmazonCloudFront,GET,JP-Out-Bytes-HTTP-Static,arn:aws:cloudfront::826047549130:distribution/E1CJTSOUL26LXW,9/1/17 0:00,10/1/17 0:00,280579554
AmazonCloudFront,GET,JP-DataTransfer-Out-Bytes,arn:aws:cloudfront::826047549130:distribution/E1CJTSOUL26LXW,9/1/17 0:00,10/1/17 0:00,280579554
AmazonCloudFront,GET,JP-Requests-Tier1,arn:aws:cloudfront::826047549130:distribution/E1CJTSOUL26LXW,9/1/17 0:00,10/1/17 0:00,10
AmazonCloudFront,GET,JP-Requests-HTTP-Static,arn:aws:cloudfront::826047549130:distribution/E1CJTSOUL26LXW,9/1/17 0:00,10/1/17 0:00,10
AmazonCloudFront,GET,JP-Requests-Tier1,arn:aws:cloudfront::826047549130:distribution/E3CTSA22KC3IFG,9/1/17 0:00,10/1/17 0:00,1
AmazonCloudFront,GET,JP-DataTransfer-Out-Bytes,arn:aws:cloudfront::826047549130:distribution/E3CTSA22KC3IFG,9/1/17 0:00,10/1/17 0:00,89448806
AmazonCloudFront,GET,JP-Out-Bytes-HTTP-Static,arn:aws:cloudfront::826047549130:distribution/E3CTSA22KC3IFG,9/1/17 0:00,10/1/17 0:00,89448806
AmazonCloudFront,GET,JP-Requests-HTTP-Static,arn:aws:cloudfront::826047549130:distribution/E3CTSA22KC3IFG,9/1/17 0:00,10/1/17 0:00,1
AmazonCloudFront,GET,CA-DataTransfer-Out-Bytes,arn:aws:cloudfront::826047549130:distribution/E2LMJ3H1TGGR1N,9/1/17 0:00,10/1/17 0:00,4362599
AmazonCloudFront,GET,CA-Out-Bytes-HTTP-Static,arn:aws:cloudfront::826047549130:distribution/E2LMJ3H1TGGR1N,9/1/17 0:00,10/1/17 0:00,4362599
AmazonCloudFront,GET,CA-Requests-HTTP-Static,arn:aws:cloudfront::826047549130:distribution/E2LMJ3H1TGGR1N,9/1/17 0:00,10/1/17 0:00,3
AmazonCloudFront,GET,CA-Requests-Tier1,arn:aws:cloudfront::826047549130:distribution/E2LMJ3H1TGGR1N,9/1/17 0:00,10/1/17 0:00,3
AmazonCloudFront,GET,SA-Requests-Tier1,arn:aws:cloudfront::826047549130:distribution/E2LMJ3H1TGGR1N,9/1/17 0:00,10/1/17 0:00,1
AmazonCloudFront,GET,SA-Requests-HTTP-Static,arn:aws:cloudfront::826047549130:distribution/E2LMJ3H1TGGR1N,9/1/17 0:00,10/1/17 0:00,1
AmazonCloudFront,GET,SA-DataTransfer-Out-Bytes,arn:aws:cloudfront::826047549130:distribution/E2LMJ3H1TGGR1N,9/1/17 0:00,10/1/17 0:00,17209551
AmazonCloudFront,GET,SA-Out-Bytes-HTTP-Static,arn:aws:cloudfront::826047549130:distribution/E2LMJ3H1TGGR1N,9/1/17 0:00,10/1/17 0:00,17209551
AmazonCloudFront,GET,CA-DataTransfer-Out-Bytes,arn:aws:cloudfront::826047549130:distribution/E375MH6ZAY37VJ,9/1/17 0:00,10/1/17 0:00,20284631
AmazonCloudFront,GET,CA-Out-Bytes-HTTP-Static,arn:aws:cloudfront::826047549130:distribution/E375MH6ZAY37VJ,9/1/17 0:00,10/1/17 0:00,20284631
AmazonCloudFront,GET,CA-Requests-HTTP-Static,arn:aws:cloudfront::826047549130:distribution/E375MH6ZAY37VJ,9/1/17 0:00,10/1/17 0:00,1
AmazonCloudFront,GET,CA-Requests-Tier1,arn:aws:cloudfront::826047549130:distribution/E375MH6ZAY37VJ,9/1/17 0:00,10/1/17 0:00,1
AmazonCloudFront,GET,SA-Out-Bytes-HTTP-Static,arn:aws:cloudfront::826047549130:distribution/E2NYQG5CAC1L5P,9/1/17 0:00,10/1/17 0:00,34778878
AmazonCloudFront,GET,SA-DataTransfer-Out-Bytes,arn:aws:cloudfront::826047549130:distribution/E2NYQG5CAC1L5P,9/1/17 0:00,10/1/17 0:00,34778878
AmazonCloudFront,GET,SA-Requests-Tier1,arn:aws:cloudfront::826047549130:distribution/E2NYQG5CAC1L5P,9/1/17 0:00,10/1/17 0:00,2
AmazonCloudFront,GET,SA-Requests-HTTP-Static,arn:aws:cloudfront::826047549130:distribution/E2NYQG5CAC1L5P,9/1/17 0:00,10/1/17 0:00,2
AmazonCloudFront,E_DISCONNECT,CA-DataTransfer-Out-Bytes,arn:aws:cloudfront::826047549130:streaming-distribution/E299FIZRHLW2W3,9/1/17 0:00,10/1/17 0:00,15797341
AmazonCloudFront,E_DISCONNECT,CA-FMS-Out-Bytes,arn:aws:cloudfront::826047549130:streaming-distribution/E299FIZRHLW2W3,9/1/17 0:00,10/1/17 0:00,15797341
AmazonCloudFront,GET,AU-DataTransfer-Out-Bytes,arn:aws:cloudfront::826047549130:distribution/E37AU2VJ4CIADN,9/1/17 0:00,10/1/17 0:00,13934557
AmazonCloudFront,GET,AU-Requests-Tier1,arn:aws:cloudfront::826047549130:distribution/E37AU2VJ4CIADN,9/1/17 0:00,10/1/17 0:00,3
AmazonCloudFront,GET,AU-Out-Bytes-HTTP-Static,arn:aws:cloudfront::826047549130:distribution/E37AU2VJ4CIADN,9/1/17 0:00,10/1/17 0:00,13934557
AmazonCloudFront,GET,AU-Requests-HTTP-Static,arn:aws:cloudfront::826047549130:distribution/E37AU2VJ4CIADN,9/1/17 0:00,10/1/17 0:00,3
AmazonCloudFront,E_DISCONNECT,CA-FMS-Out-Bytes,arn:aws:cloudfront::826047549130:streaming-distribution/E1NLHOVIJX8GEB,9/1/17 0:00,10/1/17 0:00,62008
AmazonCloudFront,E_DISCONNECT,CA-DataTransfer-Out-Bytes,arn:aws:cloudfront::826047549130:streaming-distribution/E1NLHOVIJX8GEB,9/1/17 0:00,10/1/17 0:00,62008
AmazonCloudFront,GET,EU-DataTransfer-Out-Bytes,arn:aws:cloudfront::826047549130:distribution/EZ0DMKQRCGWBX,9/1/17 0:00,10/1/17 0:00,55234012
AmazonCloudFront,GET,EU-Requests-Tier1,arn:aws:cloudfront::826047549130:distribution/EZ0DMKQRCGWBX,9/1/17 0:00,10/1/17 0:00,20
AmazonCloudFront,GET,EU-Requests-HTTP-Static,arn:aws:cloudfront::826047549130:distribution/EZ0DMKQRCGWBX,9/1/17 0:00,10/1/17 0:00,20
AmazonCloudFront,GET,EU-Out-Bytes-HTTP-Static,arn:aws:cloudfront::826047549130:distribution/EZ0DMKQRCGWBX,9/1/17 0:00,10/1/17 0:00,55234012
AmazonCloudFront,E_DISCONNECT,EU-FMS-Out-Bytes,arn:aws:cloudfront::826047549130:streaming-distribution/E2U3NA46SLEWTL,9/1/17 0:00,10/1/17 0:00,22459
AmazonCloudFront,E_DISCONNECT,EU-DataTransfer-Out-Bytes,arn:aws:cloudfront::826047549130:streaming-distribution/E2U3NA46SLEWTL,9/1/17 0:00,10/1/17 0:00,22459